analysis_frame,category,location,metric,baseline_year,comparison_year,baseline_value,comparison_value,percent_change,ci_low,ci_high,uncertainty_status,coverage_status,interpretation,limitation,source_file,source_key,borough_neighborhood,ci_unit,persistence_result,full_vs_jan_aug,map_priority,weather_adjusted_result,q_value_bh,reference_period,unit,raw_pearson_r
full_year_2024_2025,traffic facility,Bronx - Whitestone Bridge,standardized vehicles per complete supplied-direction day,2024.0,2025.0,136254.31210317463,138845.76488095237,1.901923497155411,1.1971218177762721,2.650828987072214,increase; interval excludes zero,at least 75% of month-weekday strata,Selected complete-day crossing count association,"crossing counts; no tracked rerouting; Named facility corridor; representative point on source road geometry, not toll-plaza/sensor coordinates. No allocation of facility totals to component road segments.",full_year_2024_2025_bridge_standardized_changes.csv,Bronx - Whitestone Bridge,Bronx - Whitestone Bridge,percent,inconclusive,weakened,high,,,,,
full_year_2024_2025,traffic facility,Cross Bay Bridge,standardized vehicles per complete supplied-direction day,2024.0,2025.0,21248.924603174604,21433.417063492063,0.868243752391562,-0.5752875587210087,2.285559632412599,uncertain; interval includes zero,at least 75% of month-weekday strata,Selected complete-day crossing count association,"crossing counts; no tracked rerouting; Named facility corridor; representative point on source road geometry, not toll-plaza/sensor coordinates. No allocation of facility totals to component road segments.",full_year_2024_2025_bridge_standardized_changes.csv,Cross Bay Bridge,Cross Bay Bridge,percent,reversed,inconclusive,context,,,,,
full_year_2024_2025,traffic facility,Henry Hudson Bridge,standardized vehicles per complete supplied-direction day,2024.0,2025.0,69047.08392857143,69379.49880952381,0.48143217937524074,-1.2104280935049947,1.8039373535101024,uncertain; interval includes zero,at least 75% of month-weekday strata,Selected complete-day crossing count association,"crossing counts; no tracked rerouting; Named facility corridor; representative point on source road geometry, not toll-plaza/sensor coordinates. No allocation of facility totals to component road segments.",full_year_2024_2025_bridge_standardized_changes.csv,Henry Hudson Bridge,Henry Hudson Bridge,percent,inconclusive,inconclusive,context,,,,,
full_year_2024_2025,traffic facility,Hugh L. Carey Tunnel,standardized vehicles per complete supplied-direction day,2024.0,2025.0,55642.14444444444,52275.23055555556,-6.051013889751422,-9.119767699002415,-3.355132332075597,decrease; interval excludes zero,limited shared strata; selected-day comparison,Selected complete-day crossing count association,"insufficient weekday/full-period coverage; selected complete days only; Named facility corridor; representative point on source road geometry, not toll-plaza/sensor coordinates. No allocation of facility totals to component road segments.",full_year_2024_2025_bridge_standardized_changes.csv,Hugh L. Carey Tunnel,Hugh L. Carey Tunnel,percent,inconclusive,inconclusive,high,,,,,
full_year_2024_2025,traffic facility,Marine Parkway Bridge,standardized vehicles per complete supplied-direction day,2024.0,2025.0,21860.49583333333,22214.051785714288,1.6173281478906176,0.18620060829096902,3.430485983758966,increase; interval excludes zero,at least 75% of month-weekday strata,Selected complete-day crossing count association,"crossing counts; no tracked rerouting; Named facility corridor; representative point on source road geometry, not toll-plaza/sensor coordinates. No allocation of facility totals to component road segments.",full_year_2024_2025_bridge_standardized_changes.csv,Marine Parkway Bridge,Marine Parkway Bridge,percent,inconclusive,weakened,high,,,,,
full_year_2024_2025,traffic facility,Queens Midtown Tunnel,standardized vehicles per complete supplied-direction day,2024.0,2025.0,83208.06051587302,82285.15218253968,-1.1091573672207922,-2.3861718093668363,0.5203340522478958,uncertain; interval includes zero,at least 75% of month-weekday strata,Selected complete-day crossing count association,"crossing counts; no tracked rerouting; Named facility corridor; representative point on source road geometry, not toll-plaza/sensor coordinates. No allocation of facility totals to component road segments.",full_year_2024_2025_bridge_standardized_changes.csv,Queens Midtown Tunnel,Queens Midtown Tunnel,percent,strengthened,inconclusive,context,,,,,
full_year_2024_2025,traffic facility,Robert F. Kennedy Bridge Bronx,standardized vehicles per complete supplied-direction day,2024.0,2025.0,143541.07519841273,144033.8503968254,0.34329908545795984,-0.5043021065020206,1.0639201358984554,uncertain; interval includes zero,at least 75% of month-weekday strata,Selected complete-day crossing count association,"crossing counts; no tracked rerouting; Named facility corridor; representative point on source road geometry, not toll-plaza/sensor coordinates. No allocation of facility totals to component road segments. MTA Facility 21 combines Bronx AND Queens plazas (TBX); cannot isolate Bronx-only traffic. Excludes Manhattan branch.",full_year_2024_2025_bridge_standardized_changes.csv,Robert F. Kennedy Bridge Bronx,Bronx and Queens plazas (TBX),percent,inconclusive,inconclusive,context,,,,,
full_year_2024_2025,traffic facility,Robert F. Kennedy Bridge Manhattan,standardized vehicles per complete supplied-direction day,2024.0,2025.0,46769.78869047619,47730.90615079364,2.054996371008122,1.093335474851369,3.2101393495013424,increase; interval excludes zero,at least 75% of month-weekday strata,Selected complete-day crossing count association,"crossing counts; no tracked rerouting; Named facility corridor; representative point on source road geometry, not toll-plaza/sensor coordinates. No allocation of facility totals to component road segments. Manhattan branch (TBM), separately retained; only supplied traffic directions apply.",full_year_2024_2025_bridge_standardized_changes.csv,Robert F. Kennedy Bridge Manhattan,Manhattan plaza (TBM),percent,inconclusive,weakened,high,,,,,
full_year_2024_2025,traffic facility,Throgs Neck Bridge,standardized vehicles per complete supplied-direction day,2024.0,2025.0,123411.44384920635,123910.11884920637,0.40407516875771154,-0.18989098360547546,1.1389581228307732,uncertain; interval includes zero,at least 75% of month-weekday strata,Selected complete-day crossing count association,"crossing counts; no tracked rerouting; Named facility corridor; representative point on source road geometry, not toll-plaza/sensor coordinates. No allocation of facility totals to component road segments.",full_year_2024_2025_bridge_standardized_changes.csv,Throgs Neck Bridge,Throgs Neck Bridge,percent,inconclusive,inconclusive,context,,,,,
full_year_2024_2025,traffic facility,Verrazzano - Narrows Bridge,standardized vehicles per complete supplied-direction day,2024.0,2025.0,221522.80615079362,222560.60138888887,0.4684823455102016,-0.16592349227762676,1.2383099375292037,uncertain; interval includes zero,at least 75% of month-weekday strata,Selected complete-day crossing count association,"crossing counts; no tracked rerouting; Named facility corridor; representative point on source road geometry, not toll-plaza/sensor coordinates. No allocation of facility totals to component road segments.",full_year_2024_2025_bridge_standardized_changes.csv,Verrazzano - Narrows Bridge,Verrazzano - Narrows Bridge,percent,inconclusive,inconclusive,context,,,,,
full_year_2024_2025,rush-hour traffic,Bronx - Whitestone Bridge,AM rush vehicles per complete window,2024.0,2025.0,21731.33583333333,22759.029999999995,4.729088789333891,3.1062904219200638,6.358182219796767,increase; interval excludes zero,complete peak window across every supplied direction; no full-day requirement,Independent complete-window comparison,Weekdays 7–9 and 16–18; other hours include weekends; no causal attribution,full_year_2024_2025_bridge_peak_changes.csv,Bronx - Whitestone Bridge|AM rush,,percent,,,detail,,,,,
full_year_2024_2025,rush-hour traffic,Bronx - Whitestone Bridge,Other hours vehicles per complete window,2024.0,2025.0,103647.02400793652,105489.93988095237,1.7780692602179737,0.9262792786952556,2.5159434413605157,increase; interval excludes zero,complete peak window across every supplied direction; no full-day requirement,Independent complete-window comparison,Weekdays 7–9 and 16–18; other hours include weekends; no causal attribution,full_year_2024_2025_bridge_peak_changes.csv,Bronx - Whitestone Bridge|Other hours,,percent,,,detail,,,,,
full_year_2024_2025,rush-hour traffic,Bronx - Whitestone Bridge,PM rush vehicles per complete window,2024.0,2025.0,23918.8675,23939.124999999996,0.08469255494640837,-0.6944094036023082,0.8574744664232214,uncertain; interval includes zero,complete peak window across every supplied direction; no full-day requirement,Independent complete-window comparison,Weekdays 7–9 and 16–18; other hours include weekends; no causal attribution,full_year_2024_2025_bridge_peak_changes.csv,Bronx - Whitestone Bridge|PM rush,,percent,,,detail,,,,,
full_year_2024_2025,rush-hour traffic,Cross Bay Bridge,AM rush vehicles per complete window,2024.0,2025.0,3957.754166666666,4034.9283333333337,1.9499484661440247,-0.489833904620562,4.842396022448707,uncertain; interval includes zero,complete peak window across every supplied direction; no full-day requirement,Independent complete-window comparison,Weekdays 7–9 and 16–18; other hours include weekends; no causal attribution,full_year_2024_2025_bridge_peak_changes.csv,Cross Bay Bridge|AM rush,,percent,,,detail,,,,,
full_year_2024_2025,rush-hour traffic,Cross Bay Bridge,Other hours vehicles per complete window,2024.0,2025.0,15241.972420634924,15320.50873015873,0.5152634275698009,-0.9708046378965733,2.1169232914856457,uncertain; interval includes zero,complete peak window across every supplied direction; no full-day requirement,Independent complete-window comparison,Weekdays 7–9 and 16–18; other hours include weekends; no causal attribution,full_year_2024_2025_bridge_peak_changes.csv,Cross Bay Bridge|Other hours,,percent,,,detail,,,,,
full_year_2024_2025,rush-hour traffic,Cross Bay Bridge,PM rush vehicles per complete window,2024.0,2025.0,4451.978888888888,4523.143333333334,1.5984901595570644,-0.45713723481639795,3.5078175053256015,uncertain; interval includes zero,complete peak window across every supplied direction; no full-day requirement,Independent complete-window comparison,Weekdays 7–9 and 16–18; other hours include weekends; no causal attribution,full_year_2024_2025_bridge_peak_changes.csv,Cross Bay Bridge|PM rush,,percent,,,detail,,,,,
full_year_2024_2025,rush-hour traffic,Henry Hudson Bridge,AM rush vehicles per complete window,2024.0,2025.0,12803.814444444442,13318.585833333334,4.020453366631305,0.407898182412102,7.333610519494236,increase; interval excludes zero,complete peak window across every supplied direction; no full-day requirement,Independent complete-window comparison,Weekdays 7–9 and 16–18; other hours include weekends; no causal attribution,full_year_2024_2025_bridge_peak_changes.csv,Henry Hudson Bridge|AM rush,,percent,,,detail,,,,,
full_year_2024_2025,rush-hour traffic,Henry Hudson Bridge,Other hours vehicles per complete window,2024.0,2025.0,48037.39484126984,48024.18988095238,-0.027488918500040427,-1.5498008416050604,1.2396169981797975,uncertain; interval includes zero,complete peak window across every supplied direction; no full-day requirement,Independent complete-window comparison,Weekdays 7–9 and 16–18; other hours include weekends; no causal attribution,full_year_2024_2025_bridge_peak_changes.csv,Henry Hudson Bridge|Other hours,,percent,,,detail,,,,,
full_year_2024_2025,rush-hour traffic,Henry Hudson Bridge,PM rush vehicles per complete window,2024.0,2025.0,16609.750277777777,16578.846666666665,-0.18605704838596804,-2.0356329489229625,1.407714758922113,uncertain; interval includes zero,complete peak window across every supplied direction; no full-day requirement,Independent complete-window comparison,Weekdays 7–9 and 16–18; other hours include weekends; no causal attribution,full_year_2024_2025_bridge_peak_changes.csv,Henry Hudson Bridge|PM rush,,percent,,,detail,,,,,
full_year_2024_2025,rush-hour traffic,Hugh L. Carey Tunnel,AM rush vehicles per complete window,2024.0,2025.0,11861.374444444442,11829.913333333334,-0.2652400129383281,-2.8199539099499056,2.6968810367317033,uncertain; interval includes zero,complete peak window across every supplied direction; no full-day requirement,Independent complete-window comparison,Weekdays 7–9 and 16–18; other hours include weekends; no causal attribution,full_year_2024_2025_bridge_peak_changes.csv,Hugh L. Carey Tunnel|AM rush,,percent,,,detail,,,,,
full_year_2024_2025,rush-hour traffic,Hugh L. Carey Tunnel,Other hours vehicles per complete window,2024.0,2025.0,55642.14444444444,52275.23055555556,-6.051013889751422,-8.232937019578383,-3.303786682613724,decrease; interval excludes zero,complete peak window across every supplied direction; no full-day requirement,Independent complete-window comparison,Weekdays 7–9 and 16–18; other hours include weekends; no causal attribution,full_year_2024_2025_bridge_peak_changes.csv,Hugh L. Carey Tunnel|Other hours,,percent,,,detail,,,,,
full_year_2024_2025,rush-hour traffic,Hugh L. Carey Tunnel,PM rush vehicles per complete window,2024.0,2025.0,11789.932777777776,11702.238333333335,-0.7438078409550575,-1.544109748298304,0.4504645342984232,uncertain; interval includes zero,complete peak window across every supplied direction; no full-day requirement,Independent complete-window comparison,Weekdays 7–9 and 16–18; other hours include weekends; no causal attribution,full_year_2024_2025_bridge_peak_changes.csv,Hugh L. Carey Tunnel|PM rush,,percent,,,detail,,,,,
full_year_2024_2025,rush-hour traffic,Marine Parkway Bridge,AM rush vehicles per complete window,2024.0,2025.0,4185.873055555556,4270.965,2.0328362402559863,-0.5687712821889354,5.057867475958775,uncertain; interval includes zero,complete peak window across every supplied direction; no full-day requirement,Independent complete-window comparison,Weekdays 7–9 and 16–18; other hours include weekends; no causal attribution,full_year_2024_2025_bridge_peak_changes.csv,Marine Parkway Bridge|AM rush,,percent,,,detail,,,,,
full_year_2024_2025,rush-hour traffic,Marine Parkway Bridge,Other hours vehicles per complete window,2024.0,2025.0,15378.821428571431,15628.12142857143,1.621060502964422,0.1335180893372218,3.549167637582464,increase; interval excludes zero,complete peak window across every supplied direction; no full-day requirement,Independent complete-window comparison,Weekdays 7–9 and 16–18; other hours include weekends; no causal attribution,full_year_2024_2025_bridge_peak_changes.csv,Marine Parkway Bridge|Other hours,,percent,,,detail,,,,,
full_year_2024_2025,rush-hour traffic,Marine Parkway Bridge,PM rush vehicles per complete window,2024.0,2025.0,4899.005833333333,4949.3375,1.0273853181436365,-1.298907432780944,3.3432899591248693,uncertain; interval includes zero,complete peak window across every supplied direction; no full-day requirement,Independent complete-window comparison,Weekdays 7–9 and 16–18; other hours include weekends; no causal attribution,full_year_2024_2025_bridge_peak_changes.csv,Marine Parkway Bridge|PM rush,,percent,,,detail,,,,,
full_year_2024_2025,rush-hour traffic,Queens Midtown Tunnel,AM rush vehicles per complete window,2024.0,2025.0,13321.216666666667,13228.504166666668,-0.695976218388461,-3.1499166030538843,1.5340696590437775,uncertain; interval includes zero,complete peak window across every supplied direction; no full-day requirement,Independent complete-window comparison,Weekdays 7–9 and 16–18; other hours include weekends; no causal attribution,full_year_2024_2025_bridge_peak_changes.csv,Queens Midtown Tunnel|AM rush,,percent,,,detail,,,,,
full_year_2024_2025,rush-hour traffic,Queens Midtown Tunnel,Other hours vehicles per complete window,2024.0,2025.0,63257.89801587302,62595.92301587301,-1.0464701179825786,-2.655771409160726,0.45948924933476093,uncertain; interval includes zero,complete peak window across every supplied direction; no full-day requirement,Independent complete-window comparison,Weekdays 7–9 and 16–18; other hours include weekends; no causal attribution,full_year_2024_2025_bridge_peak_changes.csv,Queens Midtown Tunnel|Other hours,,percent,,,detail,,,,,
full_year_2024_2025,rush-hour traffic,Queens Midtown Tunnel,PM rush vehicles per complete window,2024.0,2025.0,14609.010833333334,14347.966666666667,-1.7868709226434576,-3.337634103312613,-0.34528132916631055,decrease; interval excludes zero,complete peak window across every supplied direction; no full-day requirement,Independent complete-window comparison,Weekdays 7–9 and 16–18; other hours include weekends; no causal attribution,full_year_2024_2025_bridge_peak_changes.csv,Queens Midtown Tunnel|PM rush,,percent,,,detail,,,,,
full_year_2024_2025,rush-hour traffic,Robert F. Kennedy Bridge Bronx,AM rush vehicles per complete window,2024.0,2025.0,26662.76361111111,26769.84833333333,0.4016264922275248,-1.576622911756853,2.3988911155352763,uncertain; interval includes zero,complete peak window across every supplied direction; no full-day requirement,Independent complete-window comparison,Weekdays 7–9 and 16–18; other hours include weekends; no causal attribution,full_year_2024_2025_bridge_peak_changes.csv,Robert F. Kennedy Bridge Bronx|AM rush,,percent,,,detail,,,,,
full_year_2024_2025,rush-hour traffic,Robert F. Kennedy Bridge Bronx,Other hours vehicles per complete window,2024.0,2025.0,107813.87797619047,108279.35218253967,0.43173867324575177,-0.39596198199161575,1.2866625556330853,uncertain; interval includes zero,complete peak window across every supplied direction; no full-day requirement,Independent complete-window comparison,Weekdays 7–9 and 16–18; other hours include weekends; no causal attribution,full_year_2024_2025_bridge_peak_changes.csv,Robert F. Kennedy Bridge Bronx|Other hours,,percent,,,detail,,,,,
full_year_2024_2025,rush-hour traffic,Robert F. Kennedy Bridge Bronx,PM rush vehicles per complete window,2024.0,2025.0,23361.094444444447,23267.9575,-0.39868399430488255,-1.1321190658066473,0.37828925525931995,uncertain; interval includes zero,complete peak window across every supplied direction; no full-day requirement,Independent complete-window comparison,Weekdays 7–9 and 16–18; other hours include weekends; no causal attribution,full_year_2024_2025_bridge_peak_changes.csv,Robert F. Kennedy Bridge Bronx|PM rush,,percent,,,detail,,,,,
full_year_2024_2025,rush-hour traffic,Robert F. Kennedy Bridge Manhattan,AM rush vehicles per complete window,2024.0,2025.0,7069.0808333333325,7236.935833333334,2.3744954111785344,0.2474539876107091,4.811252225877223,increase; interval excludes zero,complete peak window across every supplied direction; no full-day requirement,Independent complete-window comparison,Weekdays 7–9 and 16–18; other hours include weekends; no causal attribution,full_year_2024_2025_bridge_peak_changes.csv,Robert F. Kennedy Bridge Manhattan|AM rush,,percent,,,detail,,,,,
full_year_2024_2025,rush-hour traffic,Robert F. Kennedy Bridge Manhattan,Other hours vehicles per complete window,2024.0,2025.0,35299.12222222222,36025.40496031746,2.057509344065256,1.0675947898591398,3.117697408627134,increase; interval excludes zero,complete peak window across every supplied direction; no full-day requirement,Independent complete-window comparison,Weekdays 7–9 and 16–18; other hours include weekends; no causal attribution,full_year_2024_2025_bridge_peak_changes.csv,Robert F. Kennedy Bridge Manhattan|Other hours,,percent,,,detail,,,,,
full_year_2024_2025,rush-hour traffic,Robert F. Kennedy Bridge Manhattan,PM rush vehicles per complete window,2024.0,2025.0,8989.852222222222,9150.765833333333,1.7899472330962896,0.576351135427623,2.8584082315370636,increase; interval excludes zero,complete peak window across every supplied direction; no full-day requirement,Independent complete-window comparison,Weekdays 7–9 and 16–18; other hours include weekends; no causal attribution,full_year_2024_2025_bridge_peak_changes.csv,Robert F. Kennedy Bridge Manhattan|PM rush,,percent,,,detail,,,,,
full_year_2024_2025,rush-hour traffic,Throgs Neck Bridge,AM rush vehicles per complete window,2024.0,2025.0,20392.682222222225,20210.766666666666,-0.8920629153791437,-2.930774831210647,1.2394638707128809,uncertain; interval includes zero,complete peak window across every supplied direction; no full-day requirement,Independent complete-window comparison,Weekdays 7–9 and 16–18; other hours include weekends; no causal attribution,full_year_2024_2025_bridge_peak_changes.csv,Throgs Neck Bridge|AM rush,,percent,,,detail,,,,,
full_year_2024_2025,rush-hour traffic,Throgs Neck Bridge,Other hours vehicles per complete window,2024.0,2025.0,93270.42222222223,93536.2748015873,0.2850341759273345,-0.6498696946578381,1.077858949755371,uncertain; interval includes zero,complete peak window across every supplied direction; no full-day requirement,Independent complete-window comparison,Weekdays 7–9 and 16–18; other hours include weekends; no causal attribution,full_year_2024_2025_bridge_peak_changes.csv,Throgs Neck Bridge|Other hours,,percent,,,detail,,,,,
full_year_2024_2025,rush-hour traffic,Throgs Neck Bridge,PM rush vehicles per complete window,2024.0,2025.0,21804.74805555556,22312.614999999998,2.3291575905874273,1.3682239097171167,3.43512235199248,increase; interval excludes zero,complete peak window across every supplied direction; no full-day requirement,Independent complete-window comparison,Weekdays 7–9 and 16–18; other hours include weekends; no causal attribution,full_year_2024_2025_bridge_peak_changes.csv,Throgs Neck Bridge|PM rush,,percent,,,detail,,,,,
full_year_2024_2025,rush-hour traffic,Verrazzano - Narrows Bridge,AM rush vehicles per complete window,2024.0,2025.0,36930.689722222225,37609.57666666667,1.838273126093104,0.2719240419030761,3.4015007504723185,increase; interval excludes zero,complete peak window across every supplied direction; no full-day requirement,Independent complete-window comparison,Weekdays 7–9 and 16–18; other hours include weekends; no causal attribution,full_year_2024_2025_bridge_peak_changes.csv,Verrazzano - Narrows Bridge|AM rush,,percent,,,detail,,,,,
full_year_2024_2025,rush-hour traffic,Verrazzano - Narrows Bridge,Other hours vehicles per complete window,2024.0,2025.0,165828.75932539682,166297.73888888888,0.2828095472702685,-0.45357175100193603,0.89399389082759,uncertain; interval includes zero,complete peak window across every supplied direction; no full-day requirement,Independent complete-window comparison,Weekdays 7–9 and 16–18; other hours include weekends; no causal attribution,full_year_2024_2025_bridge_peak_changes.csv,Verrazzano - Narrows Bridge|Other hours,,percent,,,detail,,,,,
full_year_2024_2025,rush-hour traffic,Verrazzano - Narrows Bridge,PM rush vehicles per complete window,2024.0,2025.0,41040.97583333333,41158.43083333334,0.2861895888562449,-0.40343895075557856,0.988801666264831,uncertain; interval includes zero,complete peak window across every supplied direction; no full-day requirement,Independent complete-window comparison,Weekdays 7–9 and 16–18; other hours include weekends; no causal attribution,full_year_2024_2025_bridge_peak_changes.csv,Verrazzano - Narrows Bridge|PM rush,,percent,,,detail,,,,,
full_year_2024_2025,air-quality monitor,Mott Haven,PM2.5 ug/m3,2024.0,2025.0,7.337401160902055,7.422755774591796,1.1632812738188392,-0.6750647617569676,0.8316885098766239,uncertain; interval includes zero,partial matched months; not complete-year estimate,"Equal-weight eligible common months: 4,5,6,7,8,9,10,11,12","partial or absent baseline/coverage; not complete-year estimate; regional weather proxy, unmeasured smoke and sources; no causal policy attribution",full_year_2024_2025_observed_matched_changes.csv,36005NY11534,Hunts Point - Mott Haven,ug/m3,inconclusive,inconclusive,high,-0.3573366646536063,,,,
full_year_2024_2025,weather-adjusted air quality,Mott Haven,weather-adjusted year association ug/m3,2024.0,2025.0,,-0.3573366646536063,,-1.2255919698777265,0.510918640570514,uncertain after BH adjustment,"4,5,6,7,8,9,10,11,12",Calendar/weather-adjusted association; retain BH-adjusted evidence,"partial or absent baseline/coverage; not complete-year estimate; regional weather proxy, unmeasured smoke and sources; no causal policy attribution",full_year_2024_2025_weather_adjusted_changes.csv,36005NY11534,,ug/m3,inconclusive,inconclusive,detail,-0.3573366646536063,0.4548651882234149,,,
full_year_2024_2025,air-quality monitor,Hunt's Point,PM2.5 ug/m3,2024.0,2025.0,,,,,,not estimated,no eligible baseline,Equal-weight eligible common months: nan,"partial or absent baseline/coverage; not complete-year estimate; regional weather proxy, unmeasured smoke and sources; no causal policy attribution",full_year_2024_2025_observed_matched_changes.csv,36005NY11790,Hunts Point - Mott Haven,ug/m3,inconclusive,inconclusive,high,,,,,
full_year_2024_2025,weather-adjusted air quality,Hunt's Point,weather-adjusted year association ug/m3,2024.0,2025.0,,,,,,not estimated,nan,Calendar/weather-adjusted association; retain BH-adjusted evidence,"partial or absent baseline/coverage; not complete-year estimate; regional weather proxy, unmeasured smoke and sources; no causal policy attribution",full_year_2024_2025_weather_adjusted_changes.csv,36005NY11790,,ug/m3,inconclusive,inconclusive,detail,,,,,
full_year_2024_2025,air-quality monitor,Cross Bronx Expy,PM2.5 ug/m3,2024.0,2025.0,9.24002207454213,9.045447314386905,-2.1057824168116746,-1.307183516569343,0.7827148739468626,uncertain; interval includes zero,partial matched months; not complete-year estimate,"Equal-weight eligible common months: 1,2,3,4,5,6,7,8,12","partial or absent baseline/coverage; not complete-year estimate; regional weather proxy, unmeasured smoke and sources; no causal policy attribution",full_year_2024_2025_observed_matched_changes.csv,36005NY12387,Crotona - Tremont,ug/m3,inconclusive,inconclusive,high,-0.6476467217856874,,,,
full_year_2024_2025,weather-adjusted air quality,Cross Bronx Expy,weather-adjusted year association ug/m3,2024.0,2025.0,,-0.6476467217856874,,-1.7064781612208035,0.41118471764942877,uncertain after BH adjustment,"1,2,3,4,5,6,7,8,12",Calendar/weather-adjusted association; retain BH-adjusted evidence,"partial or absent baseline/coverage; not complete-year estimate; regional weather proxy, unmeasured smoke and sources; no causal policy attribution",full_year_2024_2025_weather_adjusted_changes.csv,36005NY12387,,ug/m3,inconclusive,inconclusive,detail,-0.6476467217856874,0.3017618515020244,,,
full_year_2024_2025,air-quality monitor,BQE,PM2.5 ug/m3,2024.0,2025.0,6.089287624448189,6.068388261648745,-0.3432152344969519,-0.863335546405531,1.1458234532570952,uncertain; interval includes zero,partial matched months; not complete-year estimate,"Equal-weight eligible common months: 8,9,10,11,12","partial or absent baseline/coverage; not complete-year estimate; regional weather proxy, unmeasured smoke and sources; no causal policy attribution",full_year_2024_2025_observed_matched_changes.csv,36047NY07974,Greenpoint,ug/m3,inconclusive,inconclusive,monitor,-0.3296855481069376,,,,
full_year_2024_2025,weather-adjusted air quality,BQE,weather-adjusted year association ug/m3,2024.0,2025.0,,-0.3296855481069376,,-1.072797453611929,0.41342635739805367,uncertain after BH adjustment,"8,9,10,11,12",Calendar/weather-adjusted association; retain BH-adjusted evidence,"partial or absent baseline/coverage; not complete-year estimate; regional weather proxy, unmeasured smoke and sources; no causal policy attribution",full_year_2024_2025_weather_adjusted_changes.csv,36047NY07974,,ug/m3,inconclusive,inconclusive,detail,-0.3296855481069376,0.4544649004652694,,,
full_year_2024_2025,air-quality monitor,Manhattan Bridge,PM2.5 ug/m3,2024.0,2025.0,9.425178261798285,7.999309626182347,-15.128293555944783,-2.5811264589718927,-0.5253954055725174,decrease; interval excludes zero,partial matched months; not complete-year estimate,"Equal-weight eligible common months: 1,3,4,5,6,7,8,9,10,11,12","partial or absent baseline/coverage; not complete-year estimate; regional weather proxy, unmeasured smoke and sources; no causal policy attribution",full_year_2024_2025_observed_matched_changes.csv,36061NY08454,Greenwich Village - Soho,ug/m3,inconclusive,weakened,monitor,-1.9703373009348377,,,,
full_year_2024_2025,weather-adjusted air quality,Manhattan Bridge,weather-adjusted year association ug/m3,2024.0,2025.0,,-1.9703373009348377,,-2.9084280896933823,-1.0322465121762932,adjusted decrease,"1,3,4,5,6,7,8,9,10,11,12",Calendar/weather-adjusted association; retain BH-adjusted evidence,"partial or absent baseline/coverage; not complete-year estimate; regional weather proxy, unmeasured smoke and sources; no causal policy attribution",full_year_2024_2025_weather_adjusted_changes.csv,36061NY08454,,ug/m3,weakened,weakened,detail,-1.9703373009348377,0.0002498739620116708,,,
full_year_2024_2025,air-quality monitor,Williamsburg Bridge,PM2.5 ug/m3,2024.0,2025.0,8.638470312411195,7.01343432048301,-18.811617487339618,-2.406306790220935,-0.7093802457310526,decrease; interval excludes zero,partial matched months; not complete-year estimate,"Equal-weight eligible common months: 3,4,5,6,8,9,10,11","partial or absent baseline/coverage; not complete-year estimate; regional weather proxy, unmeasured smoke and sources; no causal policy attribution",full_year_2024_2025_observed_matched_changes.csv,36061NY08552,Union Square - Lower East Side,ug/m3,strengthened,weakened,monitor,-2.5457441518557093,,,,
full_year_2024_2025,weather-adjusted air quality,Williamsburg Bridge,weather-adjusted year association ug/m3,2024.0,2025.0,,-2.5457441518557093,,-3.4203889880192793,-1.6710993156921394,adjusted decrease,"3,4,5,6,8,9,10,11",Calendar/weather-adjusted association; retain BH-adjusted evidence,"partial or absent baseline/coverage; not complete-year estimate; regional weather proxy, unmeasured smoke and sources; no causal policy attribution",full_year_2024_2025_weather_adjusted_changes.csv,36061NY08552,,ug/m3,strengthened,weakened,detail,-2.5457441518557093,1.5153250528881088e-07,,,
full_year_2024_2025,air-quality monitor,FDR,PM2.5 ug/m3,2024.0,2025.0,7.582972971697477,6.850611067172372,-9.65797856933628,-1.4801134375516867,0.04378168087119141,uncertain; interval includes zero,partial matched months; not complete-year estimate,"Equal-weight eligible common months: 3,4,5,6,8,9,10,11,12","partial or absent baseline/coverage; not complete-year estimate; regional weather proxy, unmeasured smoke and sources; no causal policy attribution",full_year_2024_2025_observed_matched_changes.csv,36061NY08653,Union Square - Lower East Side,ug/m3,inconclusive,inconclusive,monitor,-1.1139099187534514,,,,
full_year_2024_2025,weather-adjusted air quality,FDR,weather-adjusted year association ug/m3,2024.0,2025.0,,-1.1139099187534514,,-1.9150153837345287,-0.312804453772374,adjusted decrease,"3,4,5,6,8,9,10,11,12",Calendar/weather-adjusted association; retain BH-adjusted evidence,"partial or absent baseline/coverage; not complete-year estimate; regional weather proxy, unmeasured smoke and sources; no causal policy attribution",full_year_2024_2025_weather_adjusted_changes.csv,36061NY08653,,ug/m3,inconclusive,weakened,detail,-1.1139099187534514,0.013920882485546966,,,
full_year_2024_2025,air-quality monitor,Broadway/35th St,PM2.5 ug/m3,2024.0,2025.0,8.917734210232505,8.002051316988243,-10.268111514173361,-1.6227385875517744,-0.24953213996655696,decrease; interval excludes zero,all 12 months eligible,"Equal-weight eligible common months: 1,2,3,4,5,6,7,8,9,10,11,12","monitor-level association; not neighborhood exposure; regional weather proxy, unmeasured smoke and sources; no causal policy attribution",full_year_2024_2025_observed_matched_changes.csv,36061NY09734,Chelsea - Clinton,ug/m3,inconclusive,weakened,monitor,-1.3156323613361067,,,,
full_year_2024_2025,weather-adjusted air quality,Broadway/35th St,weather-adjusted year association ug/m3,2024.0,2025.0,,-1.3156323613361067,,-2.1249714680791962,-0.506293254593017,adjusted decrease,"1,2,3,4,5,6,7,8,9,10,11,12",Calendar/weather-adjusted association; retain BH-adjusted evidence,"monitor-level association; not neighborhood exposure; regional weather proxy, unmeasured smoke and sources; no causal policy attribution",full_year_2024_2025_weather_adjusted_changes.csv,36061NY09734,,ug/m3,inconclusive,weakened,detail,-1.3156323613361067,0.0037500164782496297,,,
full_year_2024_2025,air-quality monitor,Midtown West,PM2.5 ug/m3,2024.0,2025.0,10.032965377609107,10.092475448028674,0.59314537805919,-1.1068741350913498,1.4377228605251704,uncertain; interval includes zero,partial matched months; not complete-year estimate,"Equal-weight eligible common months: 8,9,10,11,12","partial or absent baseline/coverage; not complete-year estimate; regional weather proxy, unmeasured smoke and sources; no causal policy attribution",full_year_2024_2025_observed_matched_changes.csv,36061NY09929,Chelsea - Clinton,ug/m3,inconclusive,inconclusive,monitor,-0.27387471943366926,,,,
full_year_2024_2025,weather-adjusted air quality,Midtown West,weather-adjusted year association ug/m3,2024.0,2025.0,,-0.27387471943366926,,-1.3166891981859428,0.7689397593186043,uncertain after BH adjustment,"8,9,10,11,12",Calendar/weather-adjusted association; retain BH-adjusted evidence,"partial or absent baseline/coverage; not complete-year estimate; regional weather proxy, unmeasured smoke and sources; no causal policy attribution",full_year_2024_2025_weather_adjusted_changes.csv,36061NY09929,,ug/m3,inconclusive,inconclusive,detail,-0.27387471943366926,0.6067305213367822,,,
full_year_2024_2025,air-quality monitor,Queensboro Bridge,PM2.5 ug/m3,2024.0,2025.0,7.554667708071216,6.569345430158171,-13.042562770303611,-1.5920608373613707,-0.3219874615377962,decrease; interval excludes zero,partial matched months; not complete-year estimate,"Equal-weight eligible common months: 1,2,3,4,7,8,9,10,11,12","partial or absent baseline/coverage; not complete-year estimate; regional weather proxy, unmeasured smoke and sources; no causal policy attribution",full_year_2024_2025_observed_matched_changes.csv,36061NY10130,Upper East Side,ug/m3,inconclusive,weakened,monitor,-1.26108692836364,,,,
full_year_2024_2025,weather-adjusted air quality,Queensboro Bridge,weather-adjusted year association ug/m3,2024.0,2025.0,,-1.26108692836364,,-1.9026755630825853,-0.6194982936446946,adjusted decrease,"1,2,3,4,7,8,9,10,11,12",Calendar/weather-adjusted association; retain BH-adjusted evidence,"partial or absent baseline/coverage; not complete-year estimate; regional weather proxy, unmeasured smoke and sources; no causal policy attribution",full_year_2024_2025_weather_adjusted_changes.csv,36061NY10130,,ug/m3,inconclusive,weakened,detail,-1.26108692836364,0.0005067583067793945,,,
full_year_2024_2025,air-quality monitor,Hamilton Bridge,PM2.5 ug/m3,2024.0,2025.0,6.987357831541219,9.159373745519712,31.084938918884685,0.8217526872944114,3.316244973657195,increase; interval excludes zero,partial matched months; not complete-year estimate,"Equal-weight eligible common months: 6,8,9,10,11","partial or absent baseline/coverage; not complete-year estimate; regional weather proxy, unmeasured smoke and sources; no causal policy attribution",full_year_2024_2025_observed_matched_changes.csv,36061NY12380,Washington Heights - Inwood,ug/m3,inconclusive,inconclusive,monitor,1.2760654248846734,,,,
full_year_2024_2025,weather-adjusted air quality,Hamilton Bridge,weather-adjusted year association ug/m3,2024.0,2025.0,,1.2760654248846734,,0.03842161933579291,2.513709230433554,uncertain after BH adjustment,"6,8,9,10,11",Calendar/weather-adjusted association; retain BH-adjusted evidence,"partial or absent baseline/coverage; not complete-year estimate; regional weather proxy, unmeasured smoke and sources; no causal policy attribution",full_year_2024_2025_weather_adjusted_changes.csv,36061NY12380,,ug/m3,inconclusive,inconclusive,detail,1.2760654248846734,0.07036168125134092,,,
full_year_2024_2025,air-quality monitor,Van Wyck,PM2.5 ug/m3,2024.0,2025.0,7.215285763047728,6.349176270063892,-12.003814144403236,-1.81907265736799,-0.1155032905964695,decrease; interval excludes zero,partial matched months; not complete-year estimate,"Equal-weight eligible common months: 3,4,5,6,8,9,10,12","partial or absent baseline/coverage; not complete-year estimate; regional weather proxy, unmeasured smoke and sources; no causal policy attribution",full_year_2024_2025_observed_matched_changes.csv,36081NY07615,Jamaica,ug/m3,confirmed,weakened,monitor,-1.3967808059483922,,,,
full_year_2024_2025,weather-adjusted air quality,Van Wyck,weather-adjusted year association ug/m3,2024.0,2025.0,,-1.3967808059483922,,-2.184947056611302,-0.6086145552854821,adjusted decrease,"3,4,5,6,8,9,10,12",Calendar/weather-adjusted association; retain BH-adjusted evidence,"partial or absent baseline/coverage; not complete-year estimate; regional weather proxy, unmeasured smoke and sources; no causal policy attribution",full_year_2024_2025_weather_adjusted_changes.csv,36081NY07615,,ug/m3,strengthened,weakened,detail,-1.3967808059483922,0.0016700187768554403,,,
full_year_2024_2025,air-quality monitor,Glendale,PM2.5 ug/m3,2024.0,2025.0,,,,,,not estimated,no eligible baseline,Equal-weight eligible common months: nan,"partial or absent baseline/coverage; not complete-year estimate; regional weather proxy, unmeasured smoke and sources; no causal policy attribution",full_year_2024_2025_observed_matched_changes.csv,36081NY08198,Ridgewood - Forest Hills,ug/m3,inconclusive,inconclusive,monitor,,,,,
full_year_2024_2025,weather-adjusted air quality,Glendale,weather-adjusted year association ug/m3,2024.0,2025.0,,,,,,not estimated,nan,Calendar/weather-adjusted association; retain BH-adjusted evidence,"partial or absent baseline/coverage; not complete-year estimate; regional weather proxy, unmeasured smoke and sources; no causal policy attribution",full_year_2024_2025_weather_adjusted_changes.csv,36081NY08198,,ug/m3,inconclusive,inconclusive,detail,,,,,
full_year_2024_2025,air-quality monitor,Queens College,PM2.5 ug/m3,2024.0,2025.0,6.397546443276028,6.143045619637393,-3.9781004467129955,-0.9552456481979914,0.5848460087056025,uncertain; interval includes zero,partial matched months; not complete-year estimate,"Equal-weight eligible common months: 1,2,3,4,8,9,12","partial or absent baseline/coverage; not complete-year estimate; regional weather proxy, unmeasured smoke and sources; no causal policy attribution",full_year_2024_2025_observed_matched_changes.csv,36081NY09285,Fresh Meadows,ug/m3,inconclusive,inconclusive,monitor,-0.7811221435060993,,,,
full_year_2024_2025,weather-adjusted air quality,Queens College,weather-adjusted year association ug/m3,2024.0,2025.0,,-0.7811221435060993,,-1.4093536627234517,-0.1528906242887469,adjusted decrease,"1,2,3,4,8,9,12",Calendar/weather-adjusted association; retain BH-adjusted evidence,"partial or absent baseline/coverage; not complete-year estimate; regional weather proxy, unmeasured smoke and sources; no causal policy attribution",full_year_2024_2025_weather_adjusted_changes.csv,36081NY09285,,ug/m3,inconclusive,weakened,detail,-0.7811221435060993,0.027507194623038102,,,
full_year_2024_2025,air-quality monitor,SI Expwy,PM2.5 ug/m3,2024.0,2025.0,7.336184398232664,7.960482493279569,8.509847369666756,-0.8014676892474438,2.276408704345748,uncertain; interval includes zero,partial matched months; not complete-year estimate,"Equal-weight eligible common months: 8,10,11,12","partial or absent baseline/coverage; not complete-year estimate; regional weather proxy, unmeasured smoke and sources; no causal policy attribution",full_year_2024_2025_observed_matched_changes.csv,36085NY03820,Willowbrook,ug/m3,inconclusive,inconclusive,monitor,0.8577214669874753,,,,
full_year_2024_2025,weather-adjusted air quality,SI Expwy,weather-adjusted year association ug/m3,2024.0,2025.0,,0.8577214669874753,,-0.5491723458852042,2.2646152798601547,uncertain after BH adjustment,"8,10,11,12",Calendar/weather-adjusted association; retain BH-adjusted evidence,"partial or absent baseline/coverage; not complete-year estimate; regional weather proxy, unmeasured smoke and sources; no causal policy attribution",full_year_2024_2025_weather_adjusted_changes.csv,36085NY03820,,ug/m3,inconclusive,inconclusive,detail,0.8577214669874753,0.3017618515020244,,,
pre_policy_context,environmental-justice context,101,poverty_pct,,,16.53,,,,,,pre-policy 2019-23,Pre-existing area burden; high relative burden=False,UHF42 geography; not evidence of new policy harm or individual exposure,data/processed_data/neighborhood_vulnerability_long.csv,101|poverty_pct,,,,,context,,,2019-23,percent,
pre_policy_context,environmental-justice context,102,poverty_pct,,,16.66,,,,,,pre-policy 2019-23,Pre-existing area burden; high relative burden=False,UHF42 geography; not evidence of new policy harm or individual exposure,data/processed_data/neighborhood_vulnerability_long.csv,102|poverty_pct,,,,,context,,,2019-23,percent,
pre_policy_context,environmental-justice context,103,poverty_pct,,,27.66,,,,,,pre-policy 2019-23,Pre-existing area burden; high relative burden=True,UHF42 geography; not evidence of new policy harm or individual exposure,data/processed_data/neighborhood_vulnerability_long.csv,103|poverty_pct,,,,,context,,,2019-23,percent,
pre_policy_context,environmental-justice context,104,poverty_pct,,,21.45,,,,,,pre-policy 2019-23,Pre-existing area burden; high relative burden=False,UHF42 geography; not evidence of new policy harm or individual exposure,data/processed_data/neighborhood_vulnerability_long.csv,104|poverty_pct,,,,,context,,,2019-23,percent,
pre_policy_context,environmental-justice context,105,poverty_pct,,,33.91,,,,,,pre-policy 2019-23,Pre-existing area burden; high relative burden=True,UHF42 geography; not evidence of new policy harm or individual exposure,data/processed_data/neighborhood_vulnerability_long.csv,105|poverty_pct,,,,,context,,,2019-23,percent,
pre_policy_context,environmental-justice context,106,poverty_pct,,,35.26,,,,,,pre-policy 2019-23,Pre-existing area burden; high relative burden=True,UHF42 geography; not evidence of new policy harm or individual exposure,data/processed_data/neighborhood_vulnerability_long.csv,106|poverty_pct,,,,,context,,,2019-23,percent,
pre_policy_context,environmental-justice context,107,poverty_pct,,,35.79,,,,,,pre-policy 2019-23,Pre-existing area burden; high relative burden=True,UHF42 geography; not evidence of new policy harm or individual exposure,data/processed_data/neighborhood_vulnerability_long.csv,107|poverty_pct,,,,,context,,,2019-23,percent,
pre_policy_context,environmental-justice context,201,poverty_pct,,,16.7,,,,,,pre-policy 2019-23,Pre-existing area burden; high relative burden=False,UHF42 geography; not evidence of new policy harm or individual exposure,data/processed_data/neighborhood_vulnerability_long.csv,201|poverty_pct,,,,,context,,,2019-23,percent,
pre_policy_context,environmental-justice context,202,poverty_pct,,,12.51,,,,,,pre-policy 2019-23,Pre-existing area burden; high relative burden=False,UHF42 geography; not evidence of new policy harm or individual exposure,data/processed_data/neighborhood_vulnerability_long.csv,202|poverty_pct,,,,,context,,,2019-23,percent,
pre_policy_context,environmental-justice context,203,poverty_pct,,,22.6,,,,,,pre-policy 2019-23,Pre-existing area burden; high relative burden=True,UHF42 geography; not evidence of new policy harm or individual exposure,data/processed_data/neighborhood_vulnerability_long.csv,203|poverty_pct,,,,,context,,,2019-23,percent,
pre_policy_context,environmental-justice context,204,poverty_pct,,,23.43,,,,,,pre-policy 2019-23,Pre-existing area burden; high relative burden=True,UHF42 geography; not evidence of new policy harm or individual exposure,data/processed_data/neighborhood_vulnerability_long.csv,204|poverty_pct,,,,,context,,,2019-23,percent,
pre_policy_context,environmental-justice context,205,poverty_pct,,,21.97,,,,,,pre-policy 2019-23,Pre-existing area burden; high relative burden=True,UHF42 geography; not evidence of new policy harm or individual exposure,data/processed_data/neighborhood_vulnerability_long.csv,205|poverty_pct,,,,,context,,,2019-23,percent,
pre_policy_context,environmental-justice context,206,poverty_pct,,,21.52,,,,,,pre-policy 2019-23,Pre-existing area burden; high relative burden=True,UHF42 geography; not evidence of new policy harm or individual exposure,data/processed_data/neighborhood_vulnerability_long.csv,206|poverty_pct,,,,,context,,,2019-23,percent,
pre_policy_context,environmental-justice context,207,poverty_pct,,,14.44,,,,,,pre-policy 2019-23,Pre-existing area burden; high relative burden=False,UHF42 geography; not evidence of new policy harm or individual exposure,data/processed_data/neighborhood_vulnerability_long.csv,207|poverty_pct,,,,,context,,,2019-23,percent,
pre_policy_context,environmental-justice context,208,poverty_pct,,,12.66,,,,,,pre-policy 2019-23,Pre-existing area burden; high relative burden=False,UHF42 geography; not evidence of new policy harm or individual exposure,data/processed_data/neighborhood_vulnerability_long.csv,208|poverty_pct,,,,,context,,,2019-23,percent,
pre_policy_context,environmental-justice context,209,poverty_pct,,,15.04,,,,,,pre-policy 2019-23,Pre-existing area burden; high relative burden=False,UHF42 geography; not evidence of new policy harm or individual exposure,data/processed_data/neighborhood_vulnerability_long.csv,209|poverty_pct,,,,,context,,,2019-23,percent,
pre_policy_context,environmental-justice context,210,poverty_pct,,,19.31,,,,,,pre-policy 2019-23,Pre-existing area burden; high relative burden=False,UHF42 geography; not evidence of new policy harm or individual exposure,data/processed_data/neighborhood_vulnerability_long.csv,210|poverty_pct,,,,,context,,,2019-23,percent,
pre_policy_context,environmental-justice context,211,poverty_pct,,,26.16,,,,,,pre-policy 2019-23,Pre-existing area burden; high relative burden=True,UHF42 geography; not evidence of new policy harm or individual exposure,data/processed_data/neighborhood_vulnerability_long.csv,211|poverty_pct,,,,,context,,,2019-23,percent,
pre_policy_context,environmental-justice context,301,poverty_pct,,,18.66,,,,,,pre-policy 2019-23,Pre-existing area burden; high relative burden=False,UHF42 geography; not evidence of new policy harm or individual exposure,data/processed_data/neighborhood_vulnerability_long.csv,301|poverty_pct,,,,,context,,,2019-23,percent,
pre_policy_context,environmental-justice context,302,poverty_pct,,,25.22,,,,,,pre-policy 2019-23,Pre-existing area burden; high relative burden=True,UHF42 geography; not evidence of new policy harm or individual exposure,data/processed_data/neighborhood_vulnerability_long.csv,302|poverty_pct,,,,,context,,,2019-23,percent,
pre_policy_context,environmental-justice context,303,poverty_pct,,,32.86,,,,,,pre-policy 2019-23,Pre-existing area burden; high relative burden=True,UHF42 geography; not evidence of new policy harm or individual exposure,data/processed_data/neighborhood_vulnerability_long.csv,303|poverty_pct,,,,,context,,,2019-23,percent,
pre_policy_context,environmental-justice context,304,poverty_pct,,,11.51,,,,,,pre-policy 2019-23,Pre-existing area burden; high relative burden=False,UHF42 geography; not evidence of new policy harm or individual exposure,data/processed_data/neighborhood_vulnerability_long.csv,304|poverty_pct,,,,,context,,,2019-23,percent,
pre_policy_context,environmental-justice context,305,poverty_pct,,,7.33,,,,,,pre-policy 2019-23,Pre-existing area burden; high relative burden=False,UHF42 geography; not evidence of new policy harm or individual exposure,data/processed_data/neighborhood_vulnerability_long.csv,305|poverty_pct,,,,,context,,,2019-23,percent,
pre_policy_context,environmental-justice context,306,poverty_pct,,,11.95,,,,,,pre-policy 2019-23,Pre-existing area burden; high relative burden=False,UHF42 geography; not evidence of new policy harm or individual exposure,data/processed_data/neighborhood_vulnerability_long.csv,306|poverty_pct,,,,,context,,,2019-23,percent,
pre_policy_context,environmental-justice context,307,poverty_pct,,,8.87,,,,,,pre-policy 2019-23,Pre-existing area burden; high relative burden=False,UHF42 geography; not evidence of new policy harm or individual exposure,data/processed_data/neighborhood_vulnerability_long.csv,307|poverty_pct,,,,,context,,,2019-23,percent,
pre_policy_context,environmental-justice context,308,poverty_pct,,,8.89,,,,,,pre-policy 2019-23,Pre-existing area burden; high relative burden=False,UHF42 geography; not evidence of new policy harm or individual exposure,data/processed_data/neighborhood_vulnerability_long.csv,308|poverty_pct,,,,,context,,,2019-23,percent,
pre_policy_context,environmental-justice context,309,poverty_pct,,,20.06,,,,,,pre-policy 2019-23,Pre-existing area burden; high relative burden=False,UHF42 geography; not evidence of new policy harm or individual exposure,data/processed_data/neighborhood_vulnerability_long.csv,309|poverty_pct,,,,,context,,,2019-23,percent,
pre_policy_context,environmental-justice context,310,poverty_pct,,,9.74,,,,,,pre-policy 2019-23,Pre-existing area burden; high relative burden=False,UHF42 geography; not evidence of new policy harm or individual exposure,data/processed_data/neighborhood_vulnerability_long.csv,310|poverty_pct,,,,,context,,,2019-23,percent,
pre_policy_context,environmental-justice context,401,poverty_pct,,,11.36,,,,,,pre-policy 2019-23,Pre-existing area burden; high relative burden=False,UHF42 geography; not evidence of new policy harm or individual exposure,data/processed_data/neighborhood_vulnerability_long.csv,401|poverty_pct,,,,,context,,,2019-23,percent,
pre_policy_context,environmental-justice context,402,poverty_pct,,,13.9,,,,,,pre-policy 2019-23,Pre-existing area burden; high relative burden=False,UHF42 geography; not evidence of new policy harm or individual exposure,data/processed_data/neighborhood_vulnerability_long.csv,402|poverty_pct,,,,,context,,,2019-23,percent,
pre_policy_context,environmental-justice context,403,poverty_pct,,,14.94,,,,,,pre-policy 2019-23,Pre-existing area burden; high relative burden=False,UHF42 geography; not evidence of new policy harm or individual exposure,data/processed_data/neighborhood_vulnerability_long.csv,403|poverty_pct,,,,,context,,,2019-23,percent,
pre_policy_context,environmental-justice context,404,poverty_pct,,,7.64,,,,,,pre-policy 2019-23,Pre-existing area burden; high relative burden=False,UHF42 geography; not evidence of new policy harm or individual exposure,data/processed_data/neighborhood_vulnerability_long.csv,404|poverty_pct,,,,,context,,,2019-23,percent,
pre_policy_context,environmental-justice context,405,poverty_pct,,,10.35,,,,,,pre-policy 2019-23,Pre-existing area burden; high relative burden=False,UHF42 geography; not evidence of new policy harm or individual exposure,data/processed_data/neighborhood_vulnerability_long.csv,405|poverty_pct,,,,,context,,,2019-23,percent,
pre_policy_context,environmental-justice context,406,poverty_pct,,,11.53,,,,,,pre-policy 2019-23,Pre-existing area burden; high relative burden=False,UHF42 geography; not evidence of new policy harm or individual exposure,data/processed_data/neighborhood_vulnerability_long.csv,406|poverty_pct,,,,,context,,,2019-23,percent,
pre_policy_context,environmental-justice context,407,poverty_pct,,,10.62,,,,,,pre-policy 2019-23,Pre-existing area burden; high relative burden=False,UHF42 geography; not evidence of new policy harm or individual exposure,data/processed_data/neighborhood_vulnerability_long.csv,407|poverty_pct,,,,,context,,,2019-23,percent,
pre_policy_context,environmental-justice context,408,poverty_pct,,,12.7,,,,,,pre-policy 2019-23,Pre-existing area burden; high relative burden=False,UHF42 geography; not evidence of new policy harm or individual exposure,data/processed_data/neighborhood_vulnerability_long.csv,408|poverty_pct,,,,,context,,,2019-23,percent,
pre_policy_context,environmental-justice context,409,poverty_pct,,,6.78,,,,,,pre-policy 2019-23,Pre-existing area burden; high relative burden=False,UHF42 geography; not evidence of new policy harm or individual exposure,data/processed_data/neighborhood_vulnerability_long.csv,409|poverty_pct,,,,,context,,,2019-23,percent,
pre_policy_context,environmental-justice context,410,poverty_pct,,,19.66,,,,,,pre-policy 2019-23,Pre-existing area burden; high relative burden=False,UHF42 geography; not evidence of new policy harm or individual exposure,data/processed_data/neighborhood_vulnerability_long.csv,410|poverty_pct,,,,,context,,,2019-23,percent,
pre_policy_context,environmental-justice context,501,poverty_pct,,,17.08,,,,,,pre-policy 2019-23,Pre-existing area burden; high relative burden=False,UHF42 geography; not evidence of new policy harm or individual exposure,data/processed_data/neighborhood_vulnerability_long.csv,501|poverty_pct,,,,,context,,,2019-23,percent,
pre_policy_context,environmental-justice context,502,poverty_pct,,,14.72,,,,,,pre-policy 2019-23,Pre-existing area burden; high relative burden=False,UHF42 geography; not evidence of new policy harm or individual exposure,data/processed_data/neighborhood_vulnerability_long.csv,502|poverty_pct,,,,,context,,,2019-23,percent,
pre_policy_context,environmental-justice context,503,poverty_pct,,,10.1,,,,,,pre-policy 2019-23,Pre-existing area burden; high relative burden=False,UHF42 geography; not evidence of new policy harm or individual exposure,data/processed_data/neighborhood_vulnerability_long.csv,503|poverty_pct,,,,,context,,,2019-23,percent,
pre_policy_context,environmental-justice context,504,poverty_pct,,,6.68,,,,,,pre-policy 2019-23,Pre-existing area burden; high relative burden=False,UHF42 geography; not evidence of new policy harm or individual exposure,data/processed_data/neighborhood_vulnerability_long.csv,504|poverty_pct,,,,,context,,,2019-23,percent,
pre_policy_context,environmental-justice context,101,child_asthma_ed_rate,,,134.3,,,,,,pre-policy 2023,Pre-existing area burden; high relative burden=False,UHF42 geography; not evidence of new policy harm or individual exposure,data/processed_data/neighborhood_vulnerability_long.csv,101|child_asthma_ed_rate,,,,,context,,,2023,"visits per 10,000 residents age 5–17",
pre_policy_context,environmental-justice context,102,child_asthma_ed_rate,,,180.2,,,,,,pre-policy 2023,Pre-existing area burden; high relative burden=True,UHF42 geography; not evidence of new policy harm or individual exposure,data/processed_data/neighborhood_vulnerability_long.csv,102|child_asthma_ed_rate,,,,,context,,,2023,"visits per 10,000 residents age 5–17",
pre_policy_context,environmental-justice context,103,child_asthma_ed_rate,,,254.9,,,,,,pre-policy 2023,Pre-existing area burden; high relative burden=True,UHF42 geography; not evidence of new policy harm or individual exposure,data/processed_data/neighborhood_vulnerability_long.csv,103|child_asthma_ed_rate,,,,,context,,,2023,"visits per 10,000 residents age 5–17",
pre_policy_context,environmental-justice context,104,child_asthma_ed_rate,,,199.5,,,,,,pre-policy 2023,Pre-existing area burden; high relative burden=True,UHF42 geography; not evidence of new policy harm or individual exposure,data/processed_data/neighborhood_vulnerability_long.csv,104|child_asthma_ed_rate,,,,,context,,,2023,"visits per 10,000 residents age 5–17",
pre_policy_context,environmental-justice context,105,child_asthma_ed_rate,,,258.9,,,,,,pre-policy 2023,Pre-existing area burden; high relative burden=True,UHF42 geography; not evidence of new policy harm or individual exposure,data/processed_data/neighborhood_vulnerability_long.csv,105|child_asthma_ed_rate,,,,,context,,,2023,"visits per 10,000 residents age 5–17",
pre_policy_context,environmental-justice context,106,child_asthma_ed_rate,,,287.9,,,,,,pre-policy 2023,Pre-existing area burden; high relative burden=True,UHF42 geography; not evidence of new policy harm or individual exposure,data/processed_data/neighborhood_vulnerability_long.csv,106|child_asthma_ed_rate,,,,,context,,,2023,"visits per 10,000 residents age 5–17",
pre_policy_context,environmental-justice context,107,child_asthma_ed_rate,,,266.2,,,,,,pre-policy 2023,Pre-existing area burden; high relative burden=True,UHF42 geography; not evidence of new policy harm or individual exposure,data/processed_data/neighborhood_vulnerability_long.csv,107|child_asthma_ed_rate,,,,,context,,,2023,"visits per 10,000 residents age 5–17",
pre_policy_context,environmental-justice context,201,child_asthma_ed_rate,,,48.9,,,,,,pre-policy 2023,Pre-existing area burden; high relative burden=False,UHF42 geography; not evidence of new policy harm or individual exposure,data/processed_data/neighborhood_vulnerability_long.csv,201|child_asthma_ed_rate,,,,,context,,,2023,"visits per 10,000 residents age 5–17",
pre_policy_context,environmental-justice context,202,child_asthma_ed_rate,,,114.0,,,,,,pre-policy 2023,Pre-existing area burden; high relative burden=False,UHF42 geography; not evidence of new policy harm or individual exposure,data/processed_data/neighborhood_vulnerability_long.csv,202|child_asthma_ed_rate,,,,,context,,,2023,"visits per 10,000 residents age 5–17",
pre_policy_context,environmental-justice context,203,child_asthma_ed_rate,,,259.1,,,,,,pre-policy 2023,Pre-existing area burden; high relative burden=True,UHF42 geography; not evidence of new policy harm or individual exposure,data/processed_data/neighborhood_vulnerability_long.csv,203|child_asthma_ed_rate,,,,,context,,,2023,"visits per 10,000 residents age 5–17",
pre_policy_context,environmental-justice context,204,child_asthma_ed_rate,,,215.1,,,,,,pre-policy 2023,Pre-existing area burden; high relative burden=True,UHF42 geography; not evidence of new policy harm or individual exposure,data/processed_data/neighborhood_vulnerability_long.csv,204|child_asthma_ed_rate,,,,,context,,,2023,"visits per 10,000 residents age 5–17",
pre_policy_context,environmental-justice context,205,child_asthma_ed_rate,,,87.4,,,,,,pre-policy 2023,Pre-existing area burden; high relative burden=False,UHF42 geography; not evidence of new policy harm or individual exposure,data/processed_data/neighborhood_vulnerability_long.csv,205|child_asthma_ed_rate,,,,,context,,,2023,"visits per 10,000 residents age 5–17",
pre_policy_context,environmental-justice context,206,child_asthma_ed_rate,,,29.2,,,,,,pre-policy 2023,Pre-existing area burden; high relative burden=False,UHF42 geography; not evidence of new policy harm or individual exposure,data/processed_data/neighborhood_vulnerability_long.csv,206|child_asthma_ed_rate,,,,,context,,,2023,"visits per 10,000 residents age 5–17",
pre_policy_context,environmental-justice context,207,child_asthma_ed_rate,,,174.1,,,,,,pre-policy 2023,Pre-existing area burden; high relative burden=True,UHF42 geography; not evidence of new policy harm or individual exposure,data/processed_data/neighborhood_vulnerability_long.csv,207|child_asthma_ed_rate,,,,,context,,,2023,"visits per 10,000 residents age 5–17",
pre_policy_context,environmental-justice context,208,child_asthma_ed_rate,,,147.9,,,,,,pre-policy 2023,Pre-existing area burden; high relative burden=False,UHF42 geography; not evidence of new policy harm or individual exposure,data/processed_data/neighborhood_vulnerability_long.csv,208|child_asthma_ed_rate,,,,,context,,,2023,"visits per 10,000 residents age 5–17",
pre_policy_context,environmental-justice context,209,child_asthma_ed_rate,,,38.5,,,,,,pre-policy 2023,Pre-existing area burden; high relative burden=False,UHF42 geography; not evidence of new policy harm or individual exposure,data/processed_data/neighborhood_vulnerability_long.csv,209|child_asthma_ed_rate,,,,,context,,,2023,"visits per 10,000 residents age 5–17",
pre_policy_context,environmental-justice context,210,child_asthma_ed_rate,,,74.0,,,,,,pre-policy 2023,Pre-existing area burden; high relative burden=False,UHF42 geography; not evidence of new policy harm or individual exposure,data/processed_data/neighborhood_vulnerability_long.csv,210|child_asthma_ed_rate,,,,,context,,,2023,"visits per 10,000 residents age 5–17",
pre_policy_context,environmental-justice context,211,child_asthma_ed_rate,,,159.4,,,,,,pre-policy 2023,Pre-existing area burden; high relative burden=False,UHF42 geography; not evidence of new policy harm or individual exposure,data/processed_data/neighborhood_vulnerability_long.csv,211|child_asthma_ed_rate,,,,,context,,,2023,"visits per 10,000 residents age 5–17",
pre_policy_context,environmental-justice context,301,child_asthma_ed_rate,,,153.7,,,,,,pre-policy 2023,Pre-existing area burden; high relative burden=False,UHF42 geography; not evidence of new policy harm or individual exposure,data/processed_data/neighborhood_vulnerability_long.csv,301|child_asthma_ed_rate,,,,,context,,,2023,"visits per 10,000 residents age 5–17",
pre_policy_context,environmental-justice context,302,child_asthma_ed_rate,,,345.8,,,,,,pre-policy 2023,Pre-existing area burden; high relative burden=True,UHF42 geography; not evidence of new policy harm or individual exposure,data/processed_data/neighborhood_vulnerability_long.csv,302|child_asthma_ed_rate,,,,,context,,,2023,"visits per 10,000 residents age 5–17",
pre_policy_context,environmental-justice context,303,child_asthma_ed_rate,,,355.8,,,,,,pre-policy 2023,Pre-existing area burden; high relative burden=True,UHF42 geography; not evidence of new policy harm or individual exposure,data/processed_data/neighborhood_vulnerability_long.csv,303|child_asthma_ed_rate,,,,,context,,,2023,"visits per 10,000 residents age 5–17",
pre_policy_context,environmental-justice context,304,child_asthma_ed_rate,,,90.8,,,,,,pre-policy 2023,Pre-existing area burden; high relative burden=False,UHF42 geography; not evidence of new policy harm or individual exposure,data/processed_data/neighborhood_vulnerability_long.csv,304|child_asthma_ed_rate,,,,,context,,,2023,"visits per 10,000 residents age 5–17",
pre_policy_context,environmental-justice context,305,child_asthma_ed_rate,,,23.9,,,,,,pre-policy 2023,Pre-existing area burden; high relative burden=False,UHF42 geography; not evidence of new policy harm or individual exposure,data/processed_data/neighborhood_vulnerability_long.csv,305|child_asthma_ed_rate,,,,,context,,,2023,"visits per 10,000 residents age 5–17",
pre_policy_context,environmental-justice context,306,child_asthma_ed_rate,,,129.9,,,,,,pre-policy 2023,Pre-existing area burden; high relative burden=False,UHF42 geography; not evidence of new policy harm or individual exposure,data/processed_data/neighborhood_vulnerability_long.csv,306|child_asthma_ed_rate,,,,,context,,,2023,"visits per 10,000 residents age 5–17",
pre_policy_context,environmental-justice context,307,child_asthma_ed_rate,,,99.9,,,,,,pre-policy 2023,Pre-existing area burden; high relative burden=False,UHF42 geography; not evidence of new policy harm or individual exposure,data/processed_data/neighborhood_vulnerability_long.csv,307|child_asthma_ed_rate,,,,,context,,,2023,"visits per 10,000 residents age 5–17",
pre_policy_context,environmental-justice context,308,child_asthma_ed_rate,,,47.9,,,,,,pre-policy 2023,Pre-existing area burden; high relative burden=False,UHF42 geography; not evidence of new policy harm or individual exposure,data/processed_data/neighborhood_vulnerability_long.csv,308|child_asthma_ed_rate,,,,,context,,,2023,"visits per 10,000 residents age 5–17",
pre_policy_context,environmental-justice context,309,child_asthma_ed_rate,,,159.7,,,,,,pre-policy 2023,Pre-existing area burden; high relative burden=False,UHF42 geography; not evidence of new policy harm or individual exposure,data/processed_data/neighborhood_vulnerability_long.csv,309|child_asthma_ed_rate,,,,,context,,,2023,"visits per 10,000 residents age 5–17",
pre_policy_context,environmental-justice context,310,child_asthma_ed_rate,,,109.5,,,,,,pre-policy 2023,Pre-existing area burden; high relative burden=False,UHF42 geography; not evidence of new policy harm or individual exposure,data/processed_data/neighborhood_vulnerability_long.csv,310|child_asthma_ed_rate,,,,,context,,,2023,"visits per 10,000 residents age 5–17",
pre_policy_context,environmental-justice context,401,child_asthma_ed_rate,,,91.3,,,,,,pre-policy 2023,Pre-existing area burden; high relative burden=False,UHF42 geography; not evidence of new policy harm or individual exposure,data/processed_data/neighborhood_vulnerability_long.csv,401|child_asthma_ed_rate,,,,,context,,,2023,"visits per 10,000 residents age 5–17",
pre_policy_context,environmental-justice context,402,child_asthma_ed_rate,,,112.7,,,,,,pre-policy 2023,Pre-existing area burden; high relative burden=False,UHF42 geography; not evidence of new policy harm or individual exposure,data/processed_data/neighborhood_vulnerability_long.csv,402|child_asthma_ed_rate,,,,,context,,,2023,"visits per 10,000 residents age 5–17",
pre_policy_context,environmental-justice context,403,child_asthma_ed_rate,,,72.9,,,,,,pre-policy 2023,Pre-existing area burden; high relative burden=False,UHF42 geography; not evidence of new policy harm or individual exposure,data/processed_data/neighborhood_vulnerability_long.csv,403|child_asthma_ed_rate,,,,,context,,,2023,"visits per 10,000 residents age 5–17",
pre_policy_context,environmental-justice context,404,child_asthma_ed_rate,,,32.5,,,,,,pre-policy 2023,Pre-existing area burden; high relative burden=False,UHF42 geography; not evidence of new policy harm or individual exposure,data/processed_data/neighborhood_vulnerability_long.csv,404|child_asthma_ed_rate,,,,,context,,,2023,"visits per 10,000 residents age 5–17",
pre_policy_context,environmental-justice context,405,child_asthma_ed_rate,,,51.2,,,,,,pre-policy 2023,Pre-existing area burden; high relative burden=False,UHF42 geography; not evidence of new policy harm or individual exposure,data/processed_data/neighborhood_vulnerability_long.csv,405|child_asthma_ed_rate,,,,,context,,,2023,"visits per 10,000 residents age 5–17",
pre_policy_context,environmental-justice context,406,child_asthma_ed_rate,,,76.3,,,,,,pre-policy 2023,Pre-existing area burden; high relative burden=False,UHF42 geography; not evidence of new policy harm or individual exposure,data/processed_data/neighborhood_vulnerability_long.csv,406|child_asthma_ed_rate,,,,,context,,,2023,"visits per 10,000 residents age 5–17",
pre_policy_context,environmental-justice context,407,child_asthma_ed_rate,,,87.7,,,,,,pre-policy 2023,Pre-existing area burden; high relative burden=False,UHF42 geography; not evidence of new policy harm or individual exposure,data/processed_data/neighborhood_vulnerability_long.csv,407|child_asthma_ed_rate,,,,,context,,,2023,"visits per 10,000 residents age 5–17",
pre_policy_context,environmental-justice context,408,child_asthma_ed_rate,,,139.3,,,,,,pre-policy 2023,Pre-existing area burden; high relative burden=False,UHF42 geography; not evidence of new policy harm or individual exposure,data/processed_data/neighborhood_vulnerability_long.csv,408|child_asthma_ed_rate,,,,,context,,,2023,"visits per 10,000 residents age 5–17",
pre_policy_context,environmental-justice context,409,child_asthma_ed_rate,,,97.1,,,,,,pre-policy 2023,Pre-existing area burden; high relative burden=False,UHF42 geography; not evidence of new policy harm or individual exposure,data/processed_data/neighborhood_vulnerability_long.csv,409|child_asthma_ed_rate,,,,,context,,,2023,"visits per 10,000 residents age 5–17",
pre_policy_context,environmental-justice context,410,child_asthma_ed_rate,,,132.8,,,,,,pre-policy 2023,Pre-existing area burden; high relative burden=False,UHF42 geography; not evidence of new policy harm or individual exposure,data/processed_data/neighborhood_vulnerability_long.csv,410|child_asthma_ed_rate,,,,,context,,,2023,"visits per 10,000 residents age 5–17",
pre_policy_context,environmental-justice context,501,child_asthma_ed_rate,,,101.8,,,,,,pre-policy 2023,Pre-existing area burden; high relative burden=False,UHF42 geography; not evidence of new policy harm or individual exposure,data/processed_data/neighborhood_vulnerability_long.csv,501|child_asthma_ed_rate,,,,,context,,,2023,"visits per 10,000 residents age 5–17",
pre_policy_context,environmental-justice context,502,child_asthma_ed_rate,,,93.7,,,,,,pre-policy 2023,Pre-existing area burden; high relative burden=False,UHF42 geography; not evidence of new policy harm or individual exposure,data/processed_data/neighborhood_vulnerability_long.csv,502|child_asthma_ed_rate,,,,,context,,,2023,"visits per 10,000 residents age 5–17",
pre_policy_context,environmental-justice context,503,child_asthma_ed_rate,,,29.2,,,,,,pre-policy 2023,Pre-existing area burden; high relative burden=False,UHF42 geography; not evidence of new policy harm or individual exposure,data/processed_data/neighborhood_vulnerability_long.csv,503|child_asthma_ed_rate,,,,,context,,,2023,"visits per 10,000 residents age 5–17",
pre_policy_context,environmental-justice context,504,child_asthma_ed_rate,,,23.2,,,,,,pre-policy 2023,Pre-existing area burden; high relative burden=False,UHF42 geography; not evidence of new policy harm or individual exposure,data/processed_data/neighborhood_vulnerability_long.csv,504|child_asthma_ed_rate,,,,,context,,,2023,"visits per 10,000 residents age 5–17",
pre_policy_context,environmental-justice context,101,adult_asthma_ed_rate,,,47.6,,,,,,pre-policy 2023,Pre-existing area burden; high relative burden=False,UHF42 geography; not evidence of new policy harm or individual exposure,data/processed_data/neighborhood_vulnerability_long.csv,101|adult_asthma_ed_rate,,,,,context,,,2023,"age-adjusted visits per 10,000 adults",
pre_policy_context,environmental-justice context,102,adult_asthma_ed_rate,,,112.8,,,,,,pre-policy 2023,Pre-existing area burden; high relative burden=True,UHF42 geography; not evidence of new policy harm or individual exposure,data/processed_data/neighborhood_vulnerability_long.csv,102|adult_asthma_ed_rate,,,,,context,,,2023,"age-adjusted visits per 10,000 adults",
pre_policy_context,environmental-justice context,103,adult_asthma_ed_rate,,,132.3,,,,,,pre-policy 2023,Pre-existing area burden; high relative burden=True,UHF42 geography; not evidence of new policy harm or individual exposure,data/processed_data/neighborhood_vulnerability_long.csv,103|adult_asthma_ed_rate,,,,,context,,,2023,"age-adjusted visits per 10,000 adults",
pre_policy_context,environmental-justice context,104,adult_asthma_ed_rate,,,100.0,,,,,,pre-policy 2023,Pre-existing area burden; high relative burden=True,UHF42 geography; not evidence of new policy harm or individual exposure,data/processed_data/neighborhood_vulnerability_long.csv,104|adult_asthma_ed_rate,,,,,context,,,2023,"age-adjusted visits per 10,000 adults",
pre_policy_context,environmental-justice context,105,adult_asthma_ed_rate,,,171.0,,,,,,pre-policy 2023,Pre-existing area burden; high relative burden=True,UHF42 geography; not evidence of new policy harm or individual exposure,data/processed_data/neighborhood_vulnerability_long.csv,105|adult_asthma_ed_rate,,,,,context,,,2023,"age-adjusted visits per 10,000 adults",
pre_policy_context,environmental-justice context,106,adult_asthma_ed_rate,,,179.0,,,,,,pre-policy 2023,Pre-existing area burden; high relative burden=True,UHF42 geography; not evidence of new policy harm or individual exposure,data/processed_data/neighborhood_vulnerability_long.csv,106|adult_asthma_ed_rate,,,,,context,,,2023,"age-adjusted visits per 10,000 adults",
pre_policy_context,environmental-justice context,107,adult_asthma_ed_rate,,,193.5,,,,,,pre-policy 2023,Pre-existing area burden; high relative burden=True,UHF42 geography; not evidence of new policy harm or individual exposure,data/processed_data/neighborhood_vulnerability_long.csv,107|adult_asthma_ed_rate,,,,,context,,,2023,"age-adjusted visits per 10,000 adults",
pre_policy_context,environmental-justice context,201,adult_asthma_ed_rate,,,38.5,,,,,,pre-policy 2023,Pre-existing area burden; high relative burden=False,UHF42 geography; not evidence of new policy harm or individual exposure,data/processed_data/neighborhood_vulnerability_long.csv,201|adult_asthma_ed_rate,,,,,context,,,2023,"age-adjusted visits per 10,000 adults",
pre_policy_context,environmental-justice context,202,adult_asthma_ed_rate,,,45.8,,,,,,pre-policy 2023,Pre-existing area burden; high relative burden=False,UHF42 geography; not evidence of new policy harm or individual exposure,data/processed_data/neighborhood_vulnerability_long.csv,202|adult_asthma_ed_rate,,,,,context,,,2023,"age-adjusted visits per 10,000 adults",
pre_policy_context,environmental-justice context,203,adult_asthma_ed_rate,,,116.5,,,,,,pre-policy 2023,Pre-existing area burden; high relative burden=True,UHF42 geography; not evidence of new policy harm or individual exposure,data/processed_data/neighborhood_vulnerability_long.csv,203|adult_asthma_ed_rate,,,,,context,,,2023,"age-adjusted visits per 10,000 adults",
pre_policy_context,environmental-justice context,204,adult_asthma_ed_rate,,,123.3,,,,,,pre-policy 2023,Pre-existing area burden; high relative burden=True,UHF42 geography; not evidence of new policy harm or individual exposure,data/processed_data/neighborhood_vulnerability_long.csv,204|adult_asthma_ed_rate,,,,,context,,,2023,"age-adjusted visits per 10,000 adults",
pre_policy_context,environmental-justice context,205,adult_asthma_ed_rate,,,36.2,,,,,,pre-policy 2023,Pre-existing area burden; high relative burden=False,UHF42 geography; not evidence of new policy harm or individual exposure,data/processed_data/neighborhood_vulnerability_long.csv,205|adult_asthma_ed_rate,,,,,context,,,2023,"age-adjusted visits per 10,000 adults",
pre_policy_context,environmental-justice context,206,adult_asthma_ed_rate,,,20.7,,,,,,pre-policy 2023,Pre-existing area burden; high relative burden=False,UHF42 geography; not evidence of new policy harm or individual exposure,data/processed_data/neighborhood_vulnerability_long.csv,206|adult_asthma_ed_rate,,,,,context,,,2023,"age-adjusted visits per 10,000 adults",
pre_policy_context,environmental-justice context,207,adult_asthma_ed_rate,,,89.4,,,,,,pre-policy 2023,Pre-existing area burden; high relative burden=False,UHF42 geography; not evidence of new policy harm or individual exposure,data/processed_data/neighborhood_vulnerability_long.csv,207|adult_asthma_ed_rate,,,,,context,,,2023,"age-adjusted visits per 10,000 adults",
pre_policy_context,environmental-justice context,208,adult_asthma_ed_rate,,,71.5,,,,,,pre-policy 2023,Pre-existing area burden; high relative burden=False,UHF42 geography; not evidence of new policy harm or individual exposure,data/processed_data/neighborhood_vulnerability_long.csv,208|adult_asthma_ed_rate,,,,,context,,,2023,"age-adjusted visits per 10,000 adults",
pre_policy_context,environmental-justice context,209,adult_asthma_ed_rate,,,17.9,,,,,,pre-policy 2023,Pre-existing area burden; high relative burden=False,UHF42 geography; not evidence of new policy harm or individual exposure,data/processed_data/neighborhood_vulnerability_long.csv,209|adult_asthma_ed_rate,,,,,context,,,2023,"age-adjusted visits per 10,000 adults",
pre_policy_context,environmental-justice context,210,adult_asthma_ed_rate,,,34.5,,,,,,pre-policy 2023,Pre-existing area burden; high relative burden=False,UHF42 geography; not evidence of new policy harm or individual exposure,data/processed_data/neighborhood_vulnerability_long.csv,210|adult_asthma_ed_rate,,,,,context,,,2023,"age-adjusted visits per 10,000 adults",
pre_policy_context,environmental-justice context,211,adult_asthma_ed_rate,,,92.1,,,,,,pre-policy 2023,Pre-existing area burden; high relative burden=False,UHF42 geography; not evidence of new policy harm or individual exposure,data/processed_data/neighborhood_vulnerability_long.csv,211|adult_asthma_ed_rate,,,,,context,,,2023,"age-adjusted visits per 10,000 adults",
pre_policy_context,environmental-justice context,301,adult_asthma_ed_rate,,,52.6,,,,,,pre-policy 2023,Pre-existing area burden; high relative burden=False,UHF42 geography; not evidence of new policy harm or individual exposure,data/processed_data/neighborhood_vulnerability_long.csv,301|adult_asthma_ed_rate,,,,,context,,,2023,"age-adjusted visits per 10,000 adults",
pre_policy_context,environmental-justice context,302,adult_asthma_ed_rate,,,157.9,,,,,,pre-policy 2023,Pre-existing area burden; high relative burden=True,UHF42 geography; not evidence of new policy harm or individual exposure,data/processed_data/neighborhood_vulnerability_long.csv,302|adult_asthma_ed_rate,,,,,context,,,2023,"age-adjusted visits per 10,000 adults",
pre_policy_context,environmental-justice context,303,adult_asthma_ed_rate,,,176.2,,,,,,pre-policy 2023,Pre-existing area burden; high relative burden=True,UHF42 geography; not evidence of new policy harm or individual exposure,data/processed_data/neighborhood_vulnerability_long.csv,303|adult_asthma_ed_rate,,,,,context,,,2023,"age-adjusted visits per 10,000 adults",
pre_policy_context,environmental-justice context,304,adult_asthma_ed_rate,,,27.0,,,,,,pre-policy 2023,Pre-existing area burden; high relative burden=False,UHF42 geography; not evidence of new policy harm or individual exposure,data/processed_data/neighborhood_vulnerability_long.csv,304|adult_asthma_ed_rate,,,,,context,,,2023,"age-adjusted visits per 10,000 adults",
pre_policy_context,environmental-justice context,305,adult_asthma_ed_rate,,,14.5,,,,,,pre-policy 2023,Pre-existing area burden; high relative burden=False,UHF42 geography; not evidence of new policy harm or individual exposure,data/processed_data/neighborhood_vulnerability_long.csv,305|adult_asthma_ed_rate,,,,,context,,,2023,"age-adjusted visits per 10,000 adults",
pre_policy_context,environmental-justice context,306,adult_asthma_ed_rate,,,33.0,,,,,,pre-policy 2023,Pre-existing area burden; high relative burden=False,UHF42 geography; not evidence of new policy harm or individual exposure,data/processed_data/neighborhood_vulnerability_long.csv,306|adult_asthma_ed_rate,,,,,context,,,2023,"age-adjusted visits per 10,000 adults",
pre_policy_context,environmental-justice context,307,adult_asthma_ed_rate,,,19.5,,,,,,pre-policy 2023,Pre-existing area burden; high relative burden=False,UHF42 geography; not evidence of new policy harm or individual exposure,data/processed_data/neighborhood_vulnerability_long.csv,307|adult_asthma_ed_rate,,,,,context,,,2023,"age-adjusted visits per 10,000 adults",
pre_policy_context,environmental-justice context,308,adult_asthma_ed_rate,,,7.7,,,,,,pre-policy 2023,Pre-existing area burden; high relative burden=False,UHF42 geography; not evidence of new policy harm or individual exposure,data/processed_data/neighborhood_vulnerability_long.csv,308|adult_asthma_ed_rate,,,,,context,,,2023,"age-adjusted visits per 10,000 adults",
pre_policy_context,environmental-justice context,309,adult_asthma_ed_rate,,,44.6,,,,,,pre-policy 2023,Pre-existing area burden; high relative burden=False,UHF42 geography; not evidence of new policy harm or individual exposure,data/processed_data/neighborhood_vulnerability_long.csv,309|adult_asthma_ed_rate,,,,,context,,,2023,"age-adjusted visits per 10,000 adults",
pre_policy_context,environmental-justice context,310,adult_asthma_ed_rate,,,22.5,,,,,,pre-policy 2023,Pre-existing area burden; high relative burden=False,UHF42 geography; not evidence of new policy harm or individual exposure,data/processed_data/neighborhood_vulnerability_long.csv,310|adult_asthma_ed_rate,,,,,context,,,2023,"age-adjusted visits per 10,000 adults",
pre_policy_context,environmental-justice context,401,adult_asthma_ed_rate,,,39.1,,,,,,pre-policy 2023,Pre-existing area burden; high relative burden=False,UHF42 geography; not evidence of new policy harm or individual exposure,data/processed_data/neighborhood_vulnerability_long.csv,401|adult_asthma_ed_rate,,,,,context,,,2023,"age-adjusted visits per 10,000 adults",
pre_policy_context,environmental-justice context,402,adult_asthma_ed_rate,,,30.4,,,,,,pre-policy 2023,Pre-existing area burden; high relative burden=False,UHF42 geography; not evidence of new policy harm or individual exposure,data/processed_data/neighborhood_vulnerability_long.csv,402|adult_asthma_ed_rate,,,,,context,,,2023,"age-adjusted visits per 10,000 adults",
pre_policy_context,environmental-justice context,403,adult_asthma_ed_rate,,,19.2,,,,,,pre-policy 2023,Pre-existing area burden; high relative burden=False,UHF42 geography; not evidence of new policy harm or individual exposure,data/processed_data/neighborhood_vulnerability_long.csv,403|adult_asthma_ed_rate,,,,,context,,,2023,"age-adjusted visits per 10,000 adults",
pre_policy_context,environmental-justice context,404,adult_asthma_ed_rate,,,19.2,,,,,,pre-policy 2023,Pre-existing area burden; high relative burden=False,UHF42 geography; not evidence of new policy harm or individual exposure,data/processed_data/neighborhood_vulnerability_long.csv,404|adult_asthma_ed_rate,,,,,context,,,2023,"age-adjusted visits per 10,000 adults",
pre_policy_context,environmental-justice context,405,adult_asthma_ed_rate,,,25.9,,,,,,pre-policy 2023,Pre-existing area burden; high relative burden=False,UHF42 geography; not evidence of new policy harm or individual exposure,data/processed_data/neighborhood_vulnerability_long.csv,405|adult_asthma_ed_rate,,,,,context,,,2023,"age-adjusted visits per 10,000 adults",
pre_policy_context,environmental-justice context,406,adult_asthma_ed_rate,,,23.9,,,,,,pre-policy 2023,Pre-existing area burden; high relative burden=False,UHF42 geography; not evidence of new policy harm or individual exposure,data/processed_data/neighborhood_vulnerability_long.csv,406|adult_asthma_ed_rate,,,,,context,,,2023,"age-adjusted visits per 10,000 adults",
pre_policy_context,environmental-justice context,407,adult_asthma_ed_rate,,,40.3,,,,,,pre-policy 2023,Pre-existing area burden; high relative burden=False,UHF42 geography; not evidence of new policy harm or individual exposure,data/processed_data/neighborhood_vulnerability_long.csv,407|adult_asthma_ed_rate,,,,,context,,,2023,"age-adjusted visits per 10,000 adults",
pre_policy_context,environmental-justice context,408,adult_asthma_ed_rate,,,55.8,,,,,,pre-policy 2023,Pre-existing area burden; high relative burden=False,UHF42 geography; not evidence of new policy harm or individual exposure,data/processed_data/neighborhood_vulnerability_long.csv,408|adult_asthma_ed_rate,,,,,context,,,2023,"age-adjusted visits per 10,000 adults",
pre_policy_context,environmental-justice context,409,adult_asthma_ed_rate,,,39.0,,,,,,pre-policy 2023,Pre-existing area burden; high relative burden=False,UHF42 geography; not evidence of new policy harm or individual exposure,data/processed_data/neighborhood_vulnerability_long.csv,409|adult_asthma_ed_rate,,,,,context,,,2023,"age-adjusted visits per 10,000 adults",
pre_policy_context,environmental-justice context,410,adult_asthma_ed_rate,,,92.3,,,,,,pre-policy 2023,Pre-existing area burden; high relative burden=True,UHF42 geography; not evidence of new policy harm or individual exposure,data/processed_data/neighborhood_vulnerability_long.csv,410|adult_asthma_ed_rate,,,,,context,,,2023,"age-adjusted visits per 10,000 adults",
pre_policy_context,environmental-justice context,501,adult_asthma_ed_rate,,,84.5,,,,,,pre-policy 2023,Pre-existing area burden; high relative burden=False,UHF42 geography; not evidence of new policy harm or individual exposure,data/processed_data/neighborhood_vulnerability_long.csv,501|adult_asthma_ed_rate,,,,,context,,,2023,"age-adjusted visits per 10,000 adults",
pre_policy_context,environmental-justice context,502,adult_asthma_ed_rate,,,66.9,,,,,,pre-policy 2023,Pre-existing area burden; high relative burden=False,UHF42 geography; not evidence of new policy harm or individual exposure,data/processed_data/neighborhood_vulnerability_long.csv,502|adult_asthma_ed_rate,,,,,context,,,2023,"age-adjusted visits per 10,000 adults",
pre_policy_context,environmental-justice context,503,adult_asthma_ed_rate,,,26.1,,,,,,pre-policy 2023,Pre-existing area burden; high relative burden=False,UHF42 geography; not evidence of new policy harm or individual exposure,data/processed_data/neighborhood_vulnerability_long.csv,503|adult_asthma_ed_rate,,,,,context,,,2023,"age-adjusted visits per 10,000 adults",
pre_policy_context,environmental-justice context,504,adult_asthma_ed_rate,,,20.1,,,,,,pre-policy 2023,Pre-existing area burden; high relative burden=False,UHF42 geography; not evidence of new policy harm or individual exposure,data/processed_data/neighborhood_vulnerability_long.csv,504|adult_asthma_ed_rate,,,,,context,,,2023,"age-adjusted visits per 10,000 adults",
jan_aug_2024_2025_2026,traffic facility,Bronx - Whitestone Bridge,matched 2024 vs 2025,2024.0,2025.0,135983.78720238095,139108.59285714285,2.2979251564095193,1.5601113180297166,3.1741188039206283,increase; interval excludes zero,"1,2,3,4,5,6,7,8",Secondary persistence evidence; compare equivalent eligible months,No causal interpretation; actual matched months and coverage qualify comparison,01_bridge_standardized_changes.csv,Bronx - Whitestone Bridge|2025,,,,,secondary,,,,,
jan_aug_2024_2025_2026,traffic facility,Cross Bay Bridge,matched 2024 vs 2025,2024.0,2025.0,21561.656547619048,22148.182738095238,2.72022786923094,0.9699402038412365,4.487784329739734,increase; interval excludes zero,"1,2,3,4,5,6,7,8",Secondary persistence evidence; compare equivalent eligible months,No causal interpretation; actual matched months and coverage qualify comparison,01_bridge_standardized_changes.csv,Cross Bay Bridge|2025,,,,,secondary,,,,,
jan_aug_2024_2025_2026,traffic facility,Henry Hudson Bridge,matched 2024 vs 2025,2024.0,2025.0,68061.61398809524,68543.67053571428,0.7082649372719185,-0.989617978215446,2.1367550229198904,uncertain; interval includes zero,"1,2,3,4,5,6,7,8",Secondary persistence evidence; compare equivalent eligible months,No causal interpretation; actual matched months and coverage qualify comparison,01_bridge_standardized_changes.csv,Henry Hudson Bridge|2025,,,,,secondary,,,,,
jan_aug_2024_2025_2026,traffic facility,Hugh L. Carey Tunnel,matched 2024 vs 2025,2024.0,2025.0,54923.97857142857,51474.034523809525,-6.281307613454102,-9.004785630368247,-3.506237467957829,decrease; interval excludes zero,"1,2,3,4,5,6,7,8",Secondary persistence evidence; compare equivalent eligible months,No causal interpretation; actual matched months and coverage qualify comparison,01_bridge_standardized_changes.csv,Hugh L. Carey Tunnel|2025,,,,,secondary,,,,,
jan_aug_2024_2025_2026,traffic facility,Marine Parkway Bridge,matched 2024 vs 2025,2024.0,2025.0,22189.52619047619,22808.208035714284,2.78817059871983,0.8881150272495704,4.864621579481284,increase; interval excludes zero,"1,2,3,4,5,6,7,8",Secondary persistence evidence; compare equivalent eligible months,No causal interpretation; actual matched months and coverage qualify comparison,01_bridge_standardized_changes.csv,Marine Parkway Bridge|2025,,,,,secondary,,,,,
jan_aug_2024_2025_2026,traffic facility,Queens Midtown Tunnel,matched 2024 vs 2025,2024.0,2025.0,82736.67767857143,81355.73720238094,-1.6690789561981,-2.955503152836304,-0.378970963451817,decrease; interval excludes zero,"1,2,3,4,5,6,7,8",Secondary persistence evidence; compare equivalent eligible months,No causal interpretation; actual matched months and coverage qualify comparison,01_bridge_standardized_changes.csv,Queens Midtown Tunnel|2025,,,,,secondary,,,,,
jan_aug_2024_2025_2026,traffic facility,Robert F. Kennedy Bridge Bronx,matched 2024 vs 2025,2024.0,2025.0,142796.7142857143,144177.70863095237,0.9671051271354258,0.03704530879944771,1.865955687039316,increase; interval excludes zero,"1,2,3,4,5,6,7,8",Secondary persistence evidence; compare equivalent eligible months,No causal interpretation; actual matched months and coverage qualify comparison,01_bridge_standardized_changes.csv,Robert F. Kennedy Bridge Bronx|2025,,,,,secondary,,,,,
jan_aug_2024_2025_2026,traffic facility,Robert F. Kennedy Bridge Manhattan,matched 2024 vs 2025,2024.0,2025.0,46707.20505952381,47891.50833333334,2.5355901135601044,1.600835031277173,3.5749200489117294,increase; interval excludes zero,"1,2,3,4,5,6,7,8",Secondary persistence evidence; compare equivalent eligible months,No causal interpretation; actual matched months and coverage qualify comparison,01_bridge_standardized_changes.csv,Robert F. Kennedy Bridge Manhattan|2025,,,,,secondary,,,,,
jan_aug_2024_2025_2026,traffic facility,Throgs Neck Bridge,matched 2024 vs 2025,2024.0,2025.0,122412.46964285713,124004.43630952381,1.3004938723246928,0.4538213496619953,2.2683203023299376,increase; interval excludes zero,"1,2,3,4,5,6,7,8",Secondary persistence evidence; compare equivalent eligible months,No causal interpretation; actual matched months and coverage qualify comparison,01_bridge_standardized_changes.csv,Throgs Neck Bridge|2025,,,,,secondary,,,,,
jan_aug_2024_2025_2026,traffic facility,Verrazzano - Narrows Bridge,matched 2024 vs 2025,2024.0,2025.0,220294.94107142856,222497.83779761908,0.999976084551224,0.17573045764778306,1.688140067656008,increase; interval excludes zero,"1,2,3,4,5,6,7,8",Secondary persistence evidence; compare equivalent eligible months,No causal interpretation; actual matched months and coverage qualify comparison,01_bridge_standardized_changes.csv,Verrazzano - Narrows Bridge|2025,,,,,secondary,,,,,
jan_aug_2024_2025_2026,traffic facility,Bronx - Whitestone Bridge,matched 2024 vs 2026,2024.0,2026.0,135983.78720238095,136366.57499999998,0.2814951734277926,-1.2911668680242077,1.7069353654517878,uncertain; interval includes zero,"1,2,3,4,5,6,7,8",Secondary persistence evidence; compare equivalent eligible months,No causal interpretation; actual matched months and coverage qualify comparison,01_bridge_standardized_changes.csv,Bronx - Whitestone Bridge|2026,,,,,secondary,,,,,
jan_aug_2024_2025_2026,traffic facility,Cross Bay Bridge,matched 2024 vs 2026,2024.0,2026.0,21561.656547619048,20852.69553571429,-3.2880637456542905,-5.077457830050556,-1.2389034769734166,decrease; interval excludes zero,"1,2,3,4,5,6,7,8",Secondary persistence evidence; compare equivalent eligible months,No causal interpretation; actual matched months and coverage qualify comparison,01_bridge_standardized_changes.csv,Cross Bay Bridge|2026,,,,,secondary,,,,,
jan_aug_2024_2025_2026,traffic facility,Henry Hudson Bridge,matched 2024 vs 2026,2024.0,2026.0,68061.61398809524,67586.92619047618,-0.6974383500545356,-2.747340255781055,1.8343092941702963,uncertain; interval includes zero,"1,2,3,4,5,6,7,8",Secondary persistence evidence; compare equivalent eligible months,No causal interpretation; actual matched months and coverage qualify comparison,01_bridge_standardized_changes.csv,Henry Hudson Bridge|2026,,,,,secondary,,,,,
jan_aug_2024_2025_2026,traffic facility,Hugh L. Carey Tunnel,matched 2024 vs 2026,2024.0,2026.0,56082.73333333333,51736.166666666664,-7.750276080219576,-11.36404468902993,-4.386962980386818,decrease; interval excludes zero,"1,2,3,4,5",Secondary persistence evidence; compare equivalent eligible months,No causal interpretation; actual matched months and coverage qualify comparison,01_bridge_standardized_changes.csv,Hugh L. Carey Tunnel|2026,,,,,secondary,,,,,
jan_aug_2024_2025_2026,traffic facility,Marine Parkway Bridge,matched 2024 vs 2026,2024.0,2026.0,22189.52619047619,22205.51458333333,0.07205378213079872,-2.2420324909435916,2.6753059102772165,uncertain; interval includes zero,"1,2,3,4,5,6,7,8",Secondary persistence evidence; compare equivalent eligible months,No causal interpretation; actual matched months and coverage qualify comparison,01_bridge_standardized_changes.csv,Marine Parkway Bridge|2026,,,,,secondary,,,,,
jan_aug_2024_2025_2026,traffic facility,Queens Midtown Tunnel,matched 2024 vs 2026,2024.0,2026.0,82736.67767857143,78820.23214285714,-4.733626785123657,-6.507812692118631,-3.205548405961791,decrease; interval excludes zero,"1,2,3,4,5,6,7,8",Secondary persistence evidence; compare equivalent eligible months,No causal interpretation; actual matched months and coverage qualify comparison,01_bridge_standardized_changes.csv,Queens Midtown Tunnel|2026,,,,,secondary,,,,,
jan_aug_2024_2025_2026,traffic facility,Robert F. Kennedy Bridge Bronx,matched 2024 vs 2026,2024.0,2026.0,142796.7142857143,141401.5580357143,-0.977022655583315,-2.6662430595864492,0.4362991345677764,uncertain; interval includes zero,"1,2,3,4,5,6,7,8",Secondary persistence evidence; compare equivalent eligible months,No causal interpretation; actual matched months and coverage qualify comparison,01_bridge_standardized_changes.csv,Robert F. Kennedy Bridge Bronx|2026,,,,,secondary,,,,,
jan_aug_2024_2025_2026,traffic facility,Robert F. Kennedy Bridge Manhattan,matched 2024 vs 2026,2024.0,2026.0,46707.20505952381,46710.74285714286,0.007574415156175185,-1.6301436186632832,1.4729275845075986,uncertain; interval includes zero,"1,2,3,4,5,6,7,8",Secondary persistence evidence; compare equivalent eligible months,No causal interpretation; actual matched months and coverage qualify comparison,01_bridge_standardized_changes.csv,Robert F. Kennedy Bridge Manhattan|2026,,,,,secondary,,,,,
jan_aug_2024_2025_2026,traffic facility,Throgs Neck Bridge,matched 2024 vs 2026,2024.0,2026.0,122412.46964285713,122577.9449404762,0.13517846515298526,-1.2631622186169158,1.5846200463044025,uncertain; interval includes zero,"1,2,3,4,5,6,7,8",Secondary persistence evidence; compare equivalent eligible months,No causal interpretation; actual matched months and coverage qualify comparison,01_bridge_standardized_changes.csv,Throgs Neck Bridge|2026,,,,,secondary,,,,,
jan_aug_2024_2025_2026,traffic facility,Verrazzano - Narrows Bridge,matched 2024 vs 2026,2024.0,2026.0,220294.94107142856,218769.26220238095,-0.6925619179574904,-2.2630169903935986,1.0390786196846198,uncertain; interval includes zero,"1,2,3,4,5,6,7,8",Secondary persistence evidence; compare equivalent eligible months,No causal interpretation; actual matched months and coverage qualify comparison,01_bridge_standardized_changes.csv,Verrazzano - Narrows Bridge|2026,,,,,secondary,,,,,
jan_aug_2024_2025_2026,air-quality monitor,BQE,matched 2024 vs 2025,2024.0,2025.0,8.680800298380221,7.883575268817204,-9.183773409829211,-4.203602409623269,4.271118813882793,uncertain; interval includes zero,8,Secondary persistence evidence; compare equivalent eligible months,No causal interpretation; actual matched months and coverage qualify comparison,02_observed_matched_changes.csv,BQE|2025,,,,,secondary,,,,,
jan_aug_2024_2025_2026,air-quality monitor,BQE,matched 2024 vs 2026,2024.0,2026.0,8.680800298380221,7.33376893939394,-15.517363753174108,-3.574313931482922,2.0694489823469064,uncertain; interval includes zero,8,Secondary persistence evidence; compare equivalent eligible months,No causal interpretation; actual matched months and coverage qualify comparison,02_observed_matched_changes.csv,BQE|2026,,,,,secondary,,,,,
jan_aug_2024_2025_2026,air-quality monitor,Broadway/35th St,matched 2024 vs 2025,2024.0,2025.0,9.866031718574565,8.153629282830035,-17.356547035224168,-2.802920447385904,-0.6414751280580437,decrease; interval excludes zero,"1,2,3,4,5,6,7,8",Secondary persistence evidence; compare equivalent eligible months,No causal interpretation; actual matched months and coverage qualify comparison,02_observed_matched_changes.csv,Broadway/35th St|2025,,,,,secondary,,,,,
jan_aug_2024_2025_2026,air-quality monitor,Broadway/35th St,matched 2024 vs 2026,2024.0,2026.0,9.866031718574565,9.447454474788627,-4.242609954292886,-2.0269923499181695,1.610273934730005,uncertain; interval includes zero,"1,2,3,4,5,6,7,8",Secondary persistence evidence; compare equivalent eligible months,No causal interpretation; actual matched months and coverage qualify comparison,02_observed_matched_changes.csv,Broadway/35th St|2026,,,,,secondary,,,,,
jan_aug_2024_2025_2026,air-quality monitor,Cross Bronx Expy,matched 2024 vs 2025,2024.0,2025.0,9.417435788160972,9.158918887287419,-2.745088012158736,-1.4287344720411914,0.7960813041333963,uncertain; interval includes zero,"1,2,3,4,5,6,7,8",Secondary persistence evidence; compare equivalent eligible months,No causal interpretation; actual matched months and coverage qualify comparison,02_observed_matched_changes.csv,Cross Bronx Expy|2025,,,,,secondary,,,,,
jan_aug_2024_2025_2026,air-quality monitor,Cross Bronx Expy,matched 2024 vs 2026,2024.0,2026.0,9.417435788160972,9.381810458416652,-0.37829118823519137,-1.4751356151892396,1.7464926701518204,uncertain; interval includes zero,"1,2,3,4,5,6,7,8",Secondary persistence evidence; compare equivalent eligible months,No causal interpretation; actual matched months and coverage qualify comparison,02_observed_matched_changes.csv,Cross Bronx Expy|2026,,,,,secondary,,,,,
jan_aug_2024_2025_2026,air-quality monitor,FDR,matched 2024 vs 2025,2024.0,2025.0,9.073004069485568,7.174937913741812,-20.91993061181747,-2.974222069129378,-0.6581019776496999,decrease; interval excludes zero,"3,4,5,6,8",Secondary persistence evidence; compare equivalent eligible months,No causal interpretation; actual matched months and coverage qualify comparison,02_observed_matched_changes.csv,FDR|2025,,,,,secondary,,,,,
jan_aug_2024_2025_2026,air-quality monitor,FDR,matched 2024 vs 2026,2024.0,2026.0,9.33262211883654,7.467305188691495,-19.987061582405374,-2.9026251569321104,-0.987999796918345,decrease; interval excludes zero,"3,4,5,6,7,8",Secondary persistence evidence; compare equivalent eligible months,No causal interpretation; actual matched months and coverage qualify comparison,02_observed_matched_changes.csv,FDR|2026,,,,,secondary,,,,,
jan_aug_2024_2025_2026,air-quality monitor,Hamilton Bridge,matched 2024 vs 2025,2024.0,2025.0,9.956704032258065,12.22714247311828,22.803112691753924,-0.4827515605273125,5.2882015170304255,uncertain; interval includes zero,"6,8",Secondary persistence evidence; compare equivalent eligible months,No causal interpretation; actual matched months and coverage qualify comparison,02_observed_matched_changes.csv,Hamilton Bridge|2025,,,,,secondary,,,,,
jan_aug_2024_2025_2026,air-quality monitor,Hamilton Bridge,matched 2024 vs 2026,2024.0,2026.0,9.956704032258065,9.145705128205128,-8.145254709042627,-2.692090566596795,1.8321070300375555,uncertain; interval includes zero,"6,8",Secondary persistence evidence; compare equivalent eligible months,No causal interpretation; actual matched months and coverage qualify comparison,02_observed_matched_changes.csv,Hamilton Bridge|2026,,,,,secondary,,,,,
jan_aug_2024_2025_2026,air-quality monitor,Manhattan Bridge,matched 2024 vs 2025,2024.0,2025.0,10.907135453383992,8.683952121225612,-20.382834169980224,-3.850498581629033,-0.9499374744428959,decrease; interval excludes zero,"1,3,4,5,6,7,8",Secondary persistence evidence; compare equivalent eligible months,No causal interpretation; actual matched months and coverage qualify comparison,02_observed_matched_changes.csv,Manhattan Bridge|2025,,,,,secondary,,,,,
jan_aug_2024_2025_2026,air-quality monitor,Manhattan Bridge,matched 2024 vs 2026,2024.0,2026.0,10.907135453383992,9.054182381372891,-16.988448341275642,-3.717297544785196,0.291254225523187,uncertain; interval includes zero,"1,3,4,5,6,7,8",Secondary persistence evidence; compare equivalent eligible months,No causal interpretation; actual matched months and coverage qualify comparison,02_observed_matched_changes.csv,Manhattan Bridge|2026,,,,,secondary,,,,,
jan_aug_2024_2025_2026,air-quality monitor,Midtown West,matched 2024 vs 2025,2024.0,2025.0,13.670392156862746,12.225147849462365,-10.572076432166188,-5.870534523809522,4.344603393665156,uncertain; interval includes zero,8,Secondary persistence evidence; compare equivalent eligible months,No causal interpretation; actual matched months and coverage qualify comparison,02_observed_matched_changes.csv,Midtown West|2025,,,,,secondary,,,,,
jan_aug_2024_2025_2026,air-quality monitor,Mott Haven,matched 2024 vs 2025,2024.0,2025.0,8.406651273251448,8.54883046594982,1.691270258238986,-1.0289273911315342,1.4066029717533979,uncertain; interval includes zero,"4,5,6,7,8",Secondary persistence evidence; compare equivalent eligible months,No causal interpretation; actual matched months and coverage qualify comparison,02_observed_matched_changes.csv,Mott Haven|2025,,,,,secondary,,,,,
jan_aug_2024_2025_2026,air-quality monitor,Mott Haven,matched 2024 vs 2026,2024.0,2026.0,8.406651273251448,8.707861131670004,3.582994567372566,-1.776986742394589,3.7481193875095475,uncertain; interval includes zero,"4,5,6,7,8",Secondary persistence evidence; compare equivalent eligible months,No causal interpretation; actual matched months and coverage qualify comparison,02_observed_matched_changes.csv,Mott Haven|2026,,,,,secondary,,,,,
jan_aug_2024_2025_2026,air-quality monitor,Queens College,matched 2024 vs 2025,2024.0,2025.0,6.879894769690381,6.025890719344202,-12.41303942770351,-1.7726455571581665,0.17991328745445415,uncertain; interval includes zero,"1,2,3,4,8",Secondary persistence evidence; compare equivalent eligible months,No causal interpretation; actual matched months and coverage qualify comparison,02_observed_matched_changes.csv,Queens College|2025,,,,,secondary,,,,,
jan_aug_2024_2025_2026,air-quality monitor,Queens College,matched 2024 vs 2026,2024.0,2026.0,7.344367159498208,5.802160256410256,-20.998499524815696,-2.814311778193805,-0.4101149163258318,decrease; interval excludes zero,"4,8",Secondary persistence evidence; compare equivalent eligible months,No causal interpretation; actual matched months and coverage qualify comparison,02_observed_matched_changes.csv,Queens College|2026,,,,,secondary,,,,,
jan_aug_2024_2025_2026,air-quality monitor,Queensboro Bridge,matched 2024 vs 2025,2024.0,2025.0,8.567413151444855,6.991949383143774,-18.38902525712077,-2.5590958731678244,-0.4417685487198468,decrease; interval excludes zero,"1,2,3,4,7,8",Secondary persistence evidence; compare equivalent eligible months,No causal interpretation; actual matched months and coverage qualify comparison,02_observed_matched_changes.csv,Queensboro Bridge|2025,,,,,secondary,,,,,
jan_aug_2024_2025_2026,air-quality monitor,Queensboro Bridge,matched 2024 vs 2026,2024.0,2026.0,8.567413151444855,8.156193239652362,-4.7998141857223615,-1.9039450422954516,1.5304248953203083,uncertain; interval includes zero,"1,2,3,4,7,8",Secondary persistence evidence; compare equivalent eligible months,No causal interpretation; actual matched months and coverage qualify comparison,02_observed_matched_changes.csv,Queensboro Bridge|2026,,,,,secondary,,,,,
jan_aug_2024_2025_2026,air-quality monitor,SI Expwy,matched 2024 vs 2025,2024.0,2025.0,9.77439792663477,10.166922043010752,4.0158393317134555,-4.365207059523758,5.273946172409578,uncertain; interval includes zero,8,Secondary persistence evidence; compare equivalent eligible months,No causal interpretation; actual matched months and coverage qualify comparison,02_observed_matched_changes.csv,SI Expwy|2025,,,,,secondary,,,,,
jan_aug_2024_2025_2026,air-quality monitor,SI Expwy,matched 2024 vs 2026,2024.0,2026.0,9.77439792663477,8.653040322580646,-11.47239566539927,-3.9259601659597108,3.2590036453242073,uncertain; interval includes zero,8,Secondary persistence evidence; compare equivalent eligible months,No causal interpretation; actual matched months and coverage qualify comparison,02_observed_matched_changes.csv,SI Expwy|2026,,,,,secondary,,,,,
jan_aug_2024_2025_2026,air-quality monitor,Van Wyck,matched 2024 vs 2025,2024.0,2025.0,8.303841588748636,6.824186235779959,-17.818925579861123,-2.766368175954368,-0.25475714956763584,decrease; interval excludes zero,"3,4,5,6,8",Secondary persistence evidence; compare equivalent eligible months,No causal interpretation; actual matched months and coverage qualify comparison,02_observed_matched_changes.csv,Van Wyck|2025,,,,,secondary,,,,,
jan_aug_2024_2025_2026,air-quality monitor,Van Wyck,matched 2024 vs 2026,2024.0,2026.0,8.303841588748636,6.690982258064517,-19.423050324918012,-2.8618466111059218,-0.49476394791179756,decrease; interval excludes zero,"3,4,5,6,8",Secondary persistence evidence; compare equivalent eligible months,No causal interpretation; actual matched months and coverage qualify comparison,02_observed_matched_changes.csv,Van Wyck|2026,,,,,secondary,,,,,
jan_aug_2024_2025_2026,air-quality monitor,Williamsburg Bridge,matched 2024 vs 2025,2024.0,2025.0,9.840152134266516,7.689427882967119,-21.856615852613658,-3.430491004192268,-0.7859497115227991,decrease; interval excludes zero,"3,4,5,6,8",Secondary persistence evidence; compare equivalent eligible months,No causal interpretation; actual matched months and coverage qualify comparison,02_observed_matched_changes.csv,Williamsburg Bridge|2025,,,,,secondary,,,,,
jan_aug_2024_2025_2026,air-quality monitor,Williamsburg Bridge,matched 2024 vs 2026,2024.0,2026.0,9.840152134266516,6.7158345343457295,-31.750704229875936,-4.268072574689953,-1.8976220402967023,decrease; interval excludes zero,"3,4,5,6,8",Secondary persistence evidence; compare equivalent eligible months,No causal interpretation; actual matched months and coverage qualify comparison,02_observed_matched_changes.csv,Williamsburg Bridge|2026,,,,,secondary,,,,,
full_year_2024_2025,traffic/air relationship,Broadway/35th St,adjusted PM2.5 per 10% regional crossings,2024.0,2025.0,,-0.07966332312052886,,-0.5681117093756635,0.4087850631346057,BH q=0.7492263444513774,696 joined days,descriptive adjusted association; not monitor-adjacent traffic or a pricing effect,Regional proxy; spatial coincidence and correlation do not identify local traffic effects,full_year_2024_2025_monitor_traffic_associations.csv,36061NY09734,,,,,detail,,,,,0.10993254494174651
full_year_2024_2025,traffic/air relationship,Cross Bronx Expy,adjusted PM2.5 per 10% regional crossings,2024.0,2025.0,,-0.41173887724967106,,-1.0347011997650633,0.21122344526572118,BH q=0.5358134985365828,618 joined days,descriptive adjusted association; not monitor-adjacent traffic or a pricing effect,Regional proxy; spatial coincidence and correlation do not identify local traffic effects,full_year_2024_2025_monitor_traffic_associations.csv,36005NY12387,,,,,detail,,,,,0.09913219049280018
full_year_2024_2025,traffic/air relationship,FDR,adjusted PM2.5 per 10% regional crossings,2024.0,2025.0,,-0.5098757219846576,,-1.223096757783344,0.20334531381402882,BH q=0.5358134985365828,609 joined days,descriptive adjusted association; not monitor-adjacent traffic or a pricing effect,Regional proxy; spatial coincidence and correlation do not identify local traffic effects,full_year_2024_2025_monitor_traffic_associations.csv,36061NY08653,,,,,detail,,,,,0.09665770205808957
full_year_2024_2025,traffic/air relationship,Glendale,adjusted PM2.5 per 10% regional crossings,2024.0,2025.0,,-0.6394071664855635,,-1.829349874057248,0.5505355410861209,BH q=0.5358134985365828,185 joined days,descriptive adjusted association; not monitor-adjacent traffic or a pricing effect,Regional proxy; spatial coincidence and correlation do not identify local traffic effects,full_year_2024_2025_monitor_traffic_associations.csv,36081NY08198,,,,,detail,,,,,-0.05015424343027891
full_year_2024_2025,traffic/air relationship,Hamilton Bridge,adjusted PM2.5 per 10% regional crossings,2024.0,2025.0,,0.10823561794623161,,-0.5448488901382497,0.7613201260307131,BH q=0.7492263444513774,503 joined days,descriptive adjusted association; not monitor-adjacent traffic or a pricing effect,Regional proxy; spatial coincidence and correlation do not identify local traffic effects,full_year_2024_2025_monitor_traffic_associations.csv,36061NY12380,,,,,detail,,,,,0.1475801791641941
full_year_2024_2025,traffic/air relationship,Manhattan Bridge,adjusted PM2.5 per 10% regional crossings,2024.0,2025.0,,-0.6267600914708706,,-1.485581741475793,0.23206155853405175,BH q=0.5358134985365828,656 joined days,descriptive adjusted association; not monitor-adjacent traffic or a pricing effect,Regional proxy; spatial coincidence and correlation do not identify local traffic effects,full_year_2024_2025_monitor_traffic_associations.csv,36061NY08454,,,,,detail,,,,,0.09032471178925777
full_year_2024_2025,traffic/air relationship,Mott Haven,adjusted PM2.5 per 10% regional crossings,2024.0,2025.0,,-0.43754536543404243,,-1.2228869091413026,0.34779617827321774,BH q=0.5358134985365828,582 joined days,descriptive adjusted association; not monitor-adjacent traffic or a pricing effect,Regional proxy; spatial coincidence and correlation do not identify local traffic effects,full_year_2024_2025_monitor_traffic_associations.csv,36005NY11534,,,,,detail,,,,,0.10252228056748601
full_year_2024_2025,traffic/air relationship,Queens College,adjusted PM2.5 per 10% regional crossings,2024.0,2025.0,,-0.0946782676319075,,-0.5651519398645725,0.37579540460075755,BH q=0.7492263444513774,552 joined days,descriptive adjusted association; not monitor-adjacent traffic or a pricing effect,Regional proxy; spatial coincidence and correlation do not identify local traffic effects,full_year_2024_2025_monitor_traffic_associations.csv,36081NY09285,,,,,detail,,,,,0.13729613824381895
full_year_2024_2025,traffic/air relationship,Queensboro Bridge,adjusted PM2.5 per 10% regional crossings,2024.0,2025.0,,-0.11274326444790272,,-0.5813192058261638,0.35583267693035836,BH q=0.7492263444513774,627 joined days,descriptive adjusted association; not monitor-adjacent traffic or a pricing effect,Regional proxy; spatial coincidence and correlation do not identify local traffic effects,full_year_2024_2025_monitor_traffic_associations.csv,36061NY10130,,,,,detail,,,,,0.13146253358260565
full_year_2024_2025,traffic/air relationship,Van Wyck,adjusted PM2.5 per 10% regional crossings,2024.0,2025.0,,-0.15753368843708854,,-0.7015050203711202,0.38643764349694315,BH q=0.7492263444513774,592 joined days,descriptive adjusted association; not monitor-adjacent traffic or a pricing effect,Regional proxy; spatial coincidence and correlation do not identify local traffic effects,full_year_2024_2025_monitor_traffic_associations.csv,36081NY07615,,,,,detail,,,,,0.1139709541315702
full_year_2024_2025,traffic/air relationship,Williamsburg Bridge,adjusted PM2.5 per 10% regional crossings,2024.0,2025.0,,-0.4243081152015729,,-0.9089276103405578,0.06031137993741205,BH q=0.5358134985365828,574 joined days,descriptive adjusted association; not monitor-adjacent traffic or a pricing effect,Regional proxy; spatial coincidence and correlation do not identify local traffic effects,full_year_2024_2025_monitor_traffic_associations.csv,36061NY08552,,,,,detail,,,,,0.12580151110315235
jan_aug_2024_2025_2026,ML/model result,KNN k=15,2026 held-out MAE ug/m3,2024.0,2026.0,,3.701382678241355,,,,retrospective evaluation,chronological Jan–Aug splits,Selected on validation=True; R²=-0.014915901404041643,Previously inspected holdout; same-day retrospective prediction; no causal policy effect,03_test_model_comparison.csv,KNN k=15,,,,,not spatial,,,,,
jan_aug_2024_2025_2026,ML/model result,Station mean,2026 held-out MAE ug/m3,2024.0,2026.0,,3.6118568372447655,,,,retrospective evaluation,chronological Jan–Aug splits,Selected on validation=False; R²=0.0116549197421979,Previously inspected holdout; same-day retrospective prediction; no causal policy effect,03_test_model_comparison.csv,Station mean,,,,,not spatial,,,,,
jan_aug_2024_2025_2026,ML/model result,Ridge alpha=10,2026 held-out MAE ug/m3,2024.0,2026.0,,3.4384673959890133,,,,retrospective evaluation,chronological Jan–Aug splits,Selected on validation=False; R²=0.06397554017693285,Previously inspected holdout; same-day retrospective prediction; no causal policy effect,03_test_model_comparison.csv,Ridge alpha=10,,,,,not spatial,,,,,
jan_aug_2024_2025_2026,ML/model result,Random forest,2026 held-out MAE ug/m3,2024.0,2026.0,,3.5673171059656683,,,,retrospective evaluation,chronological Jan–Aug splits,Selected on validation=False; R²=0.010362431263732375,Previously inspected holdout; same-day retrospective prediction; no causal policy effect,03_test_model_comparison.csv,Random forest,,,,,not spatial,,,,,
full_year_2024_2025,data limitation,DOT,availability,2024.0,2025.0,,,,,,not an effect estimate,No eligible repeated matched street comparisons; no citywide street estimate,No eligible repeated matched street comparisons; no citywide street estimate,No eligible repeated matched street comparisons; no citywide street estimate,,,,,,,context,,,,,
full_year_2024_2025,data limitation,CRZ,availability,2024.0,2025.0,,,,,,not an effect estimate,Starts in 2025; no pre-policy baseline,Starts in 2025; no pre-policy baseline,Starts in 2025; no pre-policy baseline,,,,,,,context,,,,,
full_year_2024_2025,data limitation,Weather,availability,2024.0,2025.0,,,,,,not an effect estimate,Regional proxies; Lower Manhattan source point lies west of Manhattan,Regional proxies; Lower Manhattan source point lies west of Manhattan,Regional proxies; Lower Manhattan source point lies west of Manhattan,,,,,,,context,,,,,
